[2026-02-04 00:07:45] laravel.EMERGENCY: Unable to create configured logger. Using emergency logger. {"exception":"[object] (InvalidArgumentException(code: 0): Log [] is not defined. at C:\\Users\\HP\\Desktop\\Rashfa\\backend\\vendor\\laravel\\framework\\src\\Illuminate\\Log\\LogManager.php:210)
[stacktrace]
#0 C:\\Users\\HP\\Desktop\\Rashfa\\backend\\vendor\\laravel\\framework\\src\\Illuminate\\Log\\LogManager.php(135): Illuminate\\Log\\LogManager->resolve(NULL, NULL)
#1 C:\\Users\\HP\\Desktop\\Rashfa\\backend\\vendor\\laravel\\framework\\src\\Illuminate\\Log\\LogManager.php(122): Illuminate\\Log\\LogManager->get(NULL)
#2 C:\\Users\\HP\\Desktop\\Rashfa\\backend\\vendor\\laravel\\framework\\src\\Illuminate\\Log\\LogManager.php(645): Illuminate\\Log\\LogManager->driver()
#3 C:\\Users\\HP\\Desktop\\Rashfa\\backend\\vendor\\laravel\\framework\\src\\Illuminate\\Foundation\\Exceptions\\Handler.php(274): Illuminate\\Log\\LogManager->error('syntax error, u...', Array)
#4 C:\\Users\\HP\\Desktop\\Rashfa\\backend\\vendor\\laravel\\framework\\src\\Illuminate\\Foundation\\Console\\Kernel.php(454): Illuminate\\Foundation\\Exceptions\\Handler->report(Object(ParseError))
#5 C:\\Users\\HP\\Desktop\\Rashfa\\backend\\vendor\\laravel\\framework\\src\\Illuminate\\Foundation\\Console\\Kernel.php(157): Illuminate\\Foundation\\Console\\Kernel->reportException(Object(ParseError))
#6 C:\\Users\\HP\\Desktop\\Rashfa\\backend\\artisan(37): Illuminate\\Foundation\\Console\\Kernel->handle(Object(Symfony\\Component\\Console\\Input\\ArgvInput), Object(Symfony\\Component\\Console\\Output\\ConsoleOutput))
#7 {main}
"} 
[2026-02-04 00:07:45] laravel.ERROR: syntax error, unexpected token ")" {"exception":"[object] (ParseError(code: 0): syntax error, unexpected token \")\" at C:\\Users\\HP\\Desktop\\Rashfa\\backend\\vendor\\symfony\\finder\\Finder.php:649)
[stacktrace]
#0 C:\\Users\\HP\\Desktop\\Rashfa\\backend\\vendor\\composer\\ClassLoader.php(427): Composer\\Autoload\\{closure}('C:\\\\Users\\\\HP\\\\Des...')
#1 C:\\Users\\HP\\Desktop\\Rashfa\\backend\\vendor\\laravel\\framework\\src\\Illuminate\\Foundation\\Bootstrap\\LoadConfiguration.php(86): Composer\\Autoload\\ClassLoader->loadClass('Symfony\\\\Compone...')
#2 C:\\Users\\HP\\Desktop\\Rashfa\\backend\\vendor\\laravel\\framework\\src\\Illuminate\\Foundation\\Bootstrap\\LoadConfiguration.php(63): Illuminate\\Foundation\\Bootstrap\\LoadConfiguration->getConfigurationFiles(Object(Illuminate\\Foundation\\Application))
#3 C:\\Users\\HP\\Desktop\\Rashfa\\backend\\vendor\\laravel\\framework\\src\\Illuminate\\Foundation\\Bootstrap\\LoadConfiguration.php(39): Illuminate\\Foundation\\Bootstrap\\LoadConfiguration->loadConfigurationFiles(Object(Illuminate\\Foundation\\Application), Object(Illuminate\\Config\\Repository))
#4 C:\\Users\\HP\\Desktop\\Rashfa\\backend\\vendor\\laravel\\framework\\src\\Illuminate\\Foundation\\Application.php(265): Illuminate\\Foundation\\Bootstrap\\LoadConfiguration->bootstrap(Object(Illuminate\\Foundation\\Application))
#5 C:\\Users\\HP\\Desktop\\Rashfa\\backend\\vendor\\laravel\\framework\\src\\Illuminate\\Foundation\\Console\\Kernel.php(383): Illuminate\\Foundation\\Application->bootstrapWith(Array)
#6 C:\\Users\\HP\\Desktop\\Rashfa\\backend\\vendor\\laravel\\framework\\src\\Illuminate\\Foundation\\Console\\Kernel.php(153): Illuminate\\Foundation\\Console\\Kernel->bootstrap()
#7 C:\\Users\\HP\\Desktop\\Rashfa\\backend\\artisan(37): Illuminate\\Foundation\\Console\\Kernel->handle(Object(Symfony\\Component\\Console\\Input\\ArgvInput), Object(Symfony\\Component\\Console\\Output\\ConsoleOutput))
#8 {main}
"} 
[2026-02-04 00:09:14] laravel.EMERGENCY: Unable to create configured logger. Using emergency logger. {"exception":"[object] (InvalidArgumentException(code: 0): Log [] is not defined. at C:\\Users\\HP\\Desktop\\Rashfa\\backend\\vendor\\laravel\\framework\\src\\Illuminate\\Log\\LogManager.php:210)
[stacktrace]
#0 C:\\Users\\HP\\Desktop\\Rashfa\\backend\\vendor\\laravel\\framework\\src\\Illuminate\\Log\\LogManager.php(135): Illuminate\\Log\\LogManager->resolve(NULL, NULL)
#1 C:\\Users\\HP\\Desktop\\Rashfa\\backend\\vendor\\laravel\\framework\\src\\Illuminate\\Log\\LogManager.php(122): Illuminate\\Log\\LogManager->get(NULL)
#2 C:\\Users\\HP\\Desktop\\Rashfa\\backend\\vendor\\laravel\\framework\\src\\Illuminate\\Log\\LogManager.php(645): Illuminate\\Log\\LogManager->driver()
#3 C:\\Users\\HP\\Desktop\\Rashfa\\backend\\vendor\\laravel\\framework\\src\\Illuminate\\Foundation\\Exceptions\\Handler.php(274): Illuminate\\Log\\LogManager->error('syntax error, u...', Array)
#4 C:\\Users\\HP\\Desktop\\Rashfa\\backend\\vendor\\laravel\\framework\\src\\Illuminate\\Foundation\\Console\\Kernel.php(454): Illuminate\\Foundation\\Exceptions\\Handler->report(Object(ParseError))
#5 C:\\Users\\HP\\Desktop\\Rashfa\\backend\\vendor\\laravel\\framework\\src\\Illuminate\\Foundation\\Console\\Kernel.php(157): Illuminate\\Foundation\\Console\\Kernel->reportException(Object(ParseError))
#6 C:\\Users\\HP\\Desktop\\Rashfa\\backend\\artisan(37): Illuminate\\Foundation\\Console\\Kernel->handle(Object(Symfony\\Component\\Console\\Input\\ArgvInput), Object(Symfony\\Component\\Console\\Output\\ConsoleOutput))
#7 {main}
"} 
[2026-02-04 00:09:14] laravel.ERROR: syntax error, unexpected token ")" {"exception":"[object] (ParseError(code: 0): syntax error, unexpected token \")\" at C:\\Users\\HP\\Desktop\\Rashfa\\backend\\vendor\\symfony\\finder\\Finder.php:649)
[stacktrace]
#0 C:\\Users\\HP\\Desktop\\Rashfa\\backend\\vendor\\composer\\ClassLoader.php(427): Composer\\Autoload\\{closure}('C:\\\\Users\\\\HP\\\\Des...')
#1 C:\\Users\\HP\\Desktop\\Rashfa\\backend\\vendor\\laravel\\framework\\src\\Illuminate\\Foundation\\Bootstrap\\LoadConfiguration.php(86): Composer\\Autoload\\ClassLoader->loadClass('Symfony\\\\Compone...')
#2 C:\\Users\\HP\\Desktop\\Rashfa\\backend\\vendor\\laravel\\framework\\src\\Illuminate\\Foundation\\Bootstrap\\LoadConfiguration.php(63): Illuminate\\Foundation\\Bootstrap\\LoadConfiguration->getConfigurationFiles(Object(Illuminate\\Foundation\\Application))
#3 C:\\Users\\HP\\Desktop\\Rashfa\\backend\\vendor\\laravel\\framework\\src\\Illuminate\\Foundation\\Bootstrap\\LoadConfiguration.php(39): Illuminate\\Foundation\\Bootstrap\\LoadConfiguration->loadConfigurationFiles(Object(Illuminate\\Foundation\\Application), Object(Illuminate\\Config\\Repository))
#4 C:\\Users\\HP\\Desktop\\Rashfa\\backend\\vendor\\laravel\\framework\\src\\Illuminate\\Foundation\\Application.php(265): Illuminate\\Foundation\\Bootstrap\\LoadConfiguration->bootstrap(Object(Illuminate\\Foundation\\Application))
#5 C:\\Users\\HP\\Desktop\\Rashfa\\backend\\vendor\\laravel\\framework\\src\\Illuminate\\Foundation\\Console\\Kernel.php(383): Illuminate\\Foundation\\Application->bootstrapWith(Array)
#6 C:\\Users\\HP\\Desktop\\Rashfa\\backend\\vendor\\laravel\\framework\\src\\Illuminate\\Foundation\\Console\\Kernel.php(153): Illuminate\\Foundation\\Console\\Kernel->bootstrap()
#7 C:\\Users\\HP\\Desktop\\Rashfa\\backend\\artisan(37): Illuminate\\Foundation\\Console\\Kernel->handle(Object(Symfony\\Component\\Console\\Input\\ArgvInput), Object(Symfony\\Component\\Console\\Output\\ConsoleOutput))
#8 {main}
"} 
[2026-02-04 00:15:15] laravel.EMERGENCY: Unable to create configured logger. Using emergency logger. {"exception":"[object] (InvalidArgumentException(code: 0): Log [] is not defined. at C:\\Users\\HP\\Desktop\\Rashfa\\backend\\vendor\\laravel\\framework\\src\\Illuminate\\Log\\LogManager.php:210)
[stacktrace]
#0 C:\\Users\\HP\\Desktop\\Rashfa\\backend\\vendor\\laravel\\framework\\src\\Illuminate\\Log\\LogManager.php(135): Illuminate\\Log\\LogManager->resolve(NULL, NULL)
#1 C:\\Users\\HP\\Desktop\\Rashfa\\backend\\vendor\\laravel\\framework\\src\\Illuminate\\Log\\LogManager.php(122): Illuminate\\Log\\LogManager->get(NULL)
#2 C:\\Users\\HP\\Desktop\\Rashfa\\backend\\vendor\\laravel\\framework\\src\\Illuminate\\Log\\LogManager.php(645): Illuminate\\Log\\LogManager->driver()
#3 C:\\Users\\HP\\Desktop\\Rashfa\\backend\\vendor\\laravel\\framework\\src\\Illuminate\\Foundation\\Exceptions\\Handler.php(274): Illuminate\\Log\\LogManager->error('syntax error, u...', Array)
#4 C:\\Users\\HP\\Desktop\\Rashfa\\backend\\vendor\\laravel\\framework\\src\\Illuminate\\Foundation\\Console\\Kernel.php(454): Illuminate\\Foundation\\Exceptions\\Handler->report(Object(ParseError))
#5 C:\\Users\\HP\\Desktop\\Rashfa\\backend\\vendor\\laravel\\framework\\src\\Illuminate\\Foundation\\Console\\Kernel.php(157): Illuminate\\Foundation\\Console\\Kernel->reportException(Object(ParseError))
#6 C:\\Users\\HP\\Desktop\\Rashfa\\backend\\artisan(37): Illuminate\\Foundation\\Console\\Kernel->handle(Object(Symfony\\Component\\Console\\Input\\ArgvInput), Object(Symfony\\Component\\Console\\Output\\ConsoleOutput))
#7 {main}
"} 
[2026-02-04 00:15:15] laravel.ERROR: syntax error, unexpected token ")" {"exception":"[object] (ParseError(code: 0): syntax error, unexpected token \")\" at C:\\Users\\HP\\Desktop\\Rashfa\\backend\\vendor\\symfony\\finder\\Finder.php:649)
[stacktrace]
#0 C:\\Users\\HP\\Desktop\\Rashfa\\backend\\vendor\\composer\\ClassLoader.php(427): Composer\\Autoload\\{closure}('C:\\\\Users\\\\HP\\\\Des...')
#1 C:\\Users\\HP\\Desktop\\Rashfa\\backend\\vendor\\laravel\\framework\\src\\Illuminate\\Foundation\\Bootstrap\\LoadConfiguration.php(86): Composer\\Autoload\\ClassLoader->loadClass('Symfony\\\\Compone...')
#2 C:\\Users\\HP\\Desktop\\Rashfa\\backend\\vendor\\laravel\\framework\\src\\Illuminate\\Foundation\\Bootstrap\\LoadConfiguration.php(63): Illuminate\\Foundation\\Bootstrap\\LoadConfiguration->getConfigurationFiles(Object(Illuminate\\Foundation\\Application))
#3 C:\\Users\\HP\\Desktop\\Rashfa\\backend\\vendor\\laravel\\framework\\src\\Illuminate\\Foundation\\Bootstrap\\LoadConfiguration.php(39): Illuminate\\Foundation\\Bootstrap\\LoadConfiguration->loadConfigurationFiles(Object(Illuminate\\Foundation\\Application), Object(Illuminate\\Config\\Repository))
#4 C:\\Users\\HP\\Desktop\\Rashfa\\backend\\vendor\\laravel\\framework\\src\\Illuminate\\Foundation\\Application.php(265): Illuminate\\Foundation\\Bootstrap\\LoadConfiguration->bootstrap(Object(Illuminate\\Foundation\\Application))
#5 C:\\Users\\HP\\Desktop\\Rashfa\\backend\\vendor\\laravel\\framework\\src\\Illuminate\\Foundation\\Console\\Kernel.php(383): Illuminate\\Foundation\\Application->bootstrapWith(Array)
#6 C:\\Users\\HP\\Desktop\\Rashfa\\backend\\vendor\\laravel\\framework\\src\\Illuminate\\Foundation\\Console\\Kernel.php(153): Illuminate\\Foundation\\Console\\Kernel->bootstrap()
#7 C:\\Users\\HP\\Desktop\\Rashfa\\backend\\artisan(37): Illuminate\\Foundation\\Console\\Kernel->handle(Object(Symfony\\Component\\Console\\Input\\ArgvInput), Object(Symfony\\Component\\Console\\Output\\ConsoleOutput))
#8 {main}
"} 
[2026-02-04 00:15:48] laravel.EMERGENCY: Unable to create configured logger. Using emergency logger. {"exception":"[object] (InvalidArgumentException(code: 0): Log [] is not defined. at C:\\Users\\HP\\Desktop\\Rashfa\\backend\\vendor\\laravel\\framework\\src\\Illuminate\\Log\\LogManager.php:210)
[stacktrace]
#0 C:\\Users\\HP\\Desktop\\Rashfa\\backend\\vendor\\laravel\\framework\\src\\Illuminate\\Log\\LogManager.php(135): Illuminate\\Log\\LogManager->resolve(NULL, NULL)
#1 C:\\Users\\HP\\Desktop\\Rashfa\\backend\\vendor\\laravel\\framework\\src\\Illuminate\\Log\\LogManager.php(122): Illuminate\\Log\\LogManager->get(NULL)
#2 C:\\Users\\HP\\Desktop\\Rashfa\\backend\\vendor\\laravel\\framework\\src\\Illuminate\\Log\\LogManager.php(645): Illuminate\\Log\\LogManager->driver()
#3 C:\\Users\\HP\\Desktop\\Rashfa\\backend\\vendor\\laravel\\framework\\src\\Illuminate\\Foundation\\Exceptions\\Handler.php(274): Illuminate\\Log\\LogManager->error('syntax error, u...', Array)
#4 C:\\Users\\HP\\Desktop\\Rashfa\\backend\\vendor\\laravel\\framework\\src\\Illuminate\\Foundation\\Console\\Kernel.php(454): Illuminate\\Foundation\\Exceptions\\Handler->report(Object(ParseError))
#5 C:\\Users\\HP\\Desktop\\Rashfa\\backend\\vendor\\laravel\\framework\\src\\Illuminate\\Foundation\\Console\\Kernel.php(157): Illuminate\\Foundation\\Console\\Kernel->reportException(Object(ParseError))
#6 C:\\Users\\HP\\Desktop\\Rashfa\\backend\\artisan(37): Illuminate\\Foundation\\Console\\Kernel->handle(Object(Symfony\\Component\\Console\\Input\\ArgvInput), Object(Symfony\\Component\\Console\\Output\\ConsoleOutput))
#7 {main}
"} 
[2026-02-04 00:15:48] laravel.ERROR: syntax error, unexpected token ")" {"exception":"[object] (ParseError(code: 0): syntax error, unexpected token \")\" at C:\\Users\\HP\\Desktop\\Rashfa\\backend\\vendor\\symfony\\finder\\Finder.php:649)
[stacktrace]
#0 C:\\Users\\HP\\Desktop\\Rashfa\\backend\\vendor\\composer\\ClassLoader.php(427): Composer\\Autoload\\{closure}('C:\\\\Users\\\\HP\\\\Des...')
#1 C:\\Users\\HP\\Desktop\\Rashfa\\backend\\vendor\\laravel\\framework\\src\\Illuminate\\Foundation\\Bootstrap\\LoadConfiguration.php(86): Composer\\Autoload\\ClassLoader->loadClass('Symfony\\\\Compone...')
#2 C:\\Users\\HP\\Desktop\\Rashfa\\backend\\vendor\\laravel\\framework\\src\\Illuminate\\Foundation\\Bootstrap\\LoadConfiguration.php(63): Illuminate\\Foundation\\Bootstrap\\LoadConfiguration->getConfigurationFiles(Object(Illuminate\\Foundation\\Application))
#3 C:\\Users\\HP\\Desktop\\Rashfa\\backend\\vendor\\laravel\\framework\\src\\Illuminate\\Foundation\\Bootstrap\\LoadConfiguration.php(39): Illuminate\\Foundation\\Bootstrap\\LoadConfiguration->loadConfigurationFiles(Object(Illuminate\\Foundation\\Application), Object(Illuminate\\Config\\Repository))
#4 C:\\Users\\HP\\Desktop\\Rashfa\\backend\\vendor\\laravel\\framework\\src\\Illuminate\\Foundation\\Application.php(265): Illuminate\\Foundation\\Bootstrap\\LoadConfiguration->bootstrap(Object(Illuminate\\Foundation\\Application))
#5 C:\\Users\\HP\\Desktop\\Rashfa\\backend\\vendor\\laravel\\framework\\src\\Illuminate\\Foundation\\Console\\Kernel.php(383): Illuminate\\Foundation\\Application->bootstrapWith(Array)
#6 C:\\Users\\HP\\Desktop\\Rashfa\\backend\\vendor\\laravel\\framework\\src\\Illuminate\\Foundation\\Console\\Kernel.php(153): Illuminate\\Foundation\\Console\\Kernel->bootstrap()
#7 C:\\Users\\HP\\Desktop\\Rashfa\\backend\\artisan(37): Illuminate\\Foundation\\Console\\Kernel->handle(Object(Symfony\\Component\\Console\\Input\\ArgvInput), Object(Symfony\\Component\\Console\\Output\\ConsoleOutput))
#8 {main}
"} 
[2026-02-04 09:59:27] local.ERROR: SQLSTATE[HY000] [2002] Aucune connexion n’a pu être établie car l’ordinateur cible l’a expressément refusée (SQL: select * from information_schema.tables where table_schema = laravel and table_name = migrations and table_type = 'BASE TABLE') {"exception":"[object] (Illuminate\\Database\\QueryException(code: 2002): SQLSTATE[HY000] [2002] Aucune connexion n’a pu être établie car l’ordinateur cible l’a expressément refusée (SQL: select * from information_schema.tables where table_schema = laravel and table_name = migrations and table_type = 'BASE TABLE') at C:\\Users\\HP\\Desktop\\Rashfa\\backend\\vendor\\laravel\\framework\\src\\Illuminate\\Database\\Connection.php:760)
[stacktrace]
#0 C:\\Users\\HP\\Desktop\\Rashfa\\backend\\vendor\\laravel\\framework\\src\\Illuminate\\Database\\Connection.php(720): Illuminate\\Database\\Connection->runQueryCallback('select * from i...', Array, Object(Closure))
#1 C:\\Users\\HP\\Desktop\\Rashfa\\backend\\vendor\\laravel\\framework\\src\\Illuminate\\Database\\Connection.php(422): Illuminate\\Database\\Connection->run('select * from i...', Array, Object(Closure))
#2 C:\\Users\\HP\\Desktop\\Rashfa\\backend\\vendor\\laravel\\framework\\src\\Illuminate\\Database\\Connection.php(392): Illuminate\\Database\\Connection->select('select * from i...', Array, false)
#3 C:\\Users\\HP\\Desktop\\Rashfa\\backend\\vendor\\laravel\\framework\\src\\Illuminate\\Database\\Schema\\MySqlBuilder.php(44): Illuminate\\Database\\Connection->selectFromWriteConnection('select * from i...', Array)
#4 C:\\Users\\HP\\Desktop\\Rashfa\\backend\\vendor\\laravel\\framework\\src\\Illuminate\\Database\\Migrations\\DatabaseMigrationRepository.php(169): Illuminate\\Database\\Schema\\MySqlBuilder->hasTable('migrations')
#5 C:\\Users\\HP\\Desktop\\Rashfa\\backend\\vendor\\laravel\\framework\\src\\Illuminate\\Database\\Migrations\\Migrator.php(722): Illuminate\\Database\\Migrations\\DatabaseMigrationRepository->repositoryExists()
#6 C:\\Users\\HP\\Desktop\\Rashfa\\backend\\vendor\\laravel\\framework\\src\\Illuminate\\Database\\Console\\Migrations\\MigrateCommand.php(138): Illuminate\\Database\\Migrations\\Migrator->repositoryExists()
#7 C:\\Users\\HP\\Desktop\\Rashfa\\backend\\vendor\\laravel\\framework\\src\\Illuminate\\Support\\helpers.php(260): Illuminate\\Database\\Console\\Migrations\\MigrateCommand->Illuminate\\Database\\Console\\Migrations\\{closure}(1)
#8 C:\\Users\\HP\\Desktop\\Rashfa\\backend\\vendor\\laravel\\framework\\src\\Illuminate\\Database\\Console\\Migrations\\MigrateCommand.php(157): retry(1, Object(Closure), 0, Object(Closure))
#9 C:\\Users\\HP\\Desktop\\Rashfa\\backend\\vendor\\laravel\\framework\\src\\Illuminate\\Database\\Console\\Migrations\\MigrateCommand.php(114): Illuminate\\Database\\Console\\Migrations\\MigrateCommand->repositoryExists()
#10 C:\\Users\\HP\\Desktop\\Rashfa\\backend\\vendor\\laravel\\framework\\src\\Illuminate\\Database\\Console\\Migrations\\MigrateCommand.php(82): Illuminate\\Database\\Console\\Migrations\\MigrateCommand->prepareDatabase()
#11 C:\\Users\\HP\\Desktop\\Rashfa\\backend\\vendor\\laravel\\framework\\src\\Illuminate\\Database\\Migrations\\Migrator.php(636): Illuminate\\Database\\Console\\Migrations\\MigrateCommand->Illuminate\\Database\\Console\\Migrations\\{closure}()
#12 C:\\Users\\HP\\Desktop\\Rashfa\\backend\\vendor\\laravel\\framework\\src\\Illuminate\\Database\\Console\\Migrations\\MigrateCommand.php(102): Illuminate\\Database\\Migrations\\Migrator->usingConnection(NULL, Object(Closure))
#13 C:\\Users\\HP\\Desktop\\Rashfa\\backend\\vendor\\laravel\\framework\\src\\Illuminate\\Container\\BoundMethod.php(36): Illuminate\\Database\\Console\\Migrations\\MigrateCommand->handle()
#14 C:\\Users\\HP\\Desktop\\Rashfa\\backend\\vendor\\laravel\\framework\\src\\Illuminate\\Container\\Util.php(41): Illuminate\\Container\\BoundMethod::Illuminate\\Container\\{closure}()
#15 C:\\Users\\HP\\Desktop\\Rashfa\\backend\\vendor\\laravel\\framework\\src\\Illuminate\\Container\\BoundMethod.php(93): Illuminate\\Container\\Util::unwrapIfClosure(Object(Closure))
#16 C:\\Users\\HP\\Desktop\\Rashfa\\backend\\vendor\\laravel\\framework\\src\\Illuminate\\Container\\BoundMethod.php(37): Illuminate\\Container\\BoundMethod::callBoundMethod(Object(Illuminate\\Foundation\\Application), Array, Object(Closure))
#17 C:\\Users\\HP\\Desktop\\Rashfa\\backend\\vendor\\laravel\\framework\\src\\Illuminate\\Container\\Container.php(661): Illuminate\\Container\\BoundMethod::call(Object(Illuminate\\Foundation\\Application), Array, Array, NULL)
#18 C:\\Users\\HP\\Desktop\\Rashfa\\backend\\vendor\\laravel\\framework\\src\\Illuminate\\Console\\Command.php(183): Illuminate\\Container\\Container->call(Array)
#19 C:\\Users\\HP\\Desktop\\Rashfa\\backend\\vendor\\symfony\\console\\Command\\Command.php(291): Illuminate\\Console\\Command->execute(Object(Symfony\\Component\\Console\\Input\\ArgvInput), Object(Illuminate\\Console\\OutputStyle))
#20 C:\\Users\\HP\\Desktop\\Rashfa\\backend\\vendor\\laravel\\framework\\src\\Illuminate\\Console\\Command.php(153): Symfony\\Component\\Console\\Command\\Command->run(Object(Symfony\\Component\\Console\\Input\\ArgvInput), Object(Illuminate\\Console\\OutputStyle))
#21 C:\\Users\\HP\\Desktop\\Rashfa\\backend\\vendor\\symfony\\console\\Application.php(1014): Illuminate\\Console\\Command->run(Object(Symfony\\Component\\Console\\Input\\ArgvInput), Object(Symfony\\Component\\Console\\Output\\ConsoleOutput))
#22 C:\\Users\\HP\\Desktop\\Rashfa\\backend\\vendor\\symfony\\console\\Application.php(301): Symfony\\Component\\Console\\Application->doRunCommand(Object(Illuminate\\Database\\Console\\Migrations\\MigrateCommand), Object(Symfony\\Component\\Console\\Input\\ArgvInput), Object(Symfony\\Component\\Console\\Output\\ConsoleOutput))
#23 C:\\Users\\HP\\Desktop\\Rashfa\\backend\\vendor\\symfony\\console\\Application.php(171): Symfony\\Component\\Console\\Application->doRun(Object(Symfony\\Component\\Console\\Input\\ArgvInput), Object(Symfony\\Component\\Console\\Output\\ConsoleOutput))
#24 C:\\Users\\HP\\Desktop\\Rashfa\\backend\\vendor\\laravel\\framework\\src\\Illuminate\\Console\\Application.php(102): Symfony\\Component\\Console\\Application->run(Object(Symfony\\Component\\Console\\Input\\ArgvInput), Object(Symfony\\Component\\Console\\Output\\ConsoleOutput))
#25 C:\\Users\\HP\\Desktop\\Rashfa\\backend\\vendor\\laravel\\framework\\src\\Illuminate\\Foundation\\Console\\Kernel.php(155): Illuminate\\Console\\Application->run(Object(Symfony\\Component\\Console\\Input\\ArgvInput), Object(Symfony\\Component\\Console\\Output\\ConsoleOutput))
#26 C:\\Users\\HP\\Desktop\\Rashfa\\backend\\artisan(37): Illuminate\\Foundation\\Console\\Kernel->handle(Object(Symfony\\Component\\Console\\Input\\ArgvInput), Object(Symfony\\Component\\Console\\Output\\ConsoleOutput))
#27 {main}

[previous exception] [object] (PDOException(code: 2002): SQLSTATE[HY000] [2002] Aucune connexion n’a pu être établie car l’ordinateur cible l’a expressément refusée at C:\\Users\\HP\\Desktop\\Rashfa\\backend\\vendor\\laravel\\framework\\src\\Illuminate\\Database\\Connectors\\Connector.php:70)
[stacktrace]
#0 C:\\Users\\HP\\Desktop\\Rashfa\\backend\\vendor\\laravel\\framework\\src\\Illuminate\\Database\\Connectors\\Connector.php(70): PDO->__construct('mysql:host=127....', 'root', '', Array)
#1 C:\\Users\\HP\\Desktop\\Rashfa\\backend\\vendor\\laravel\\framework\\src\\Illuminate\\Database\\Connectors\\Connector.php(46): Illuminate\\Database\\Connectors\\Connector->createPdoConnection('mysql:host=127....', 'root', '', Array)
#2 C:\\Users\\HP\\Desktop\\Rashfa\\backend\\vendor\\laravel\\framework\\src\\Illuminate\\Database\\Connectors\\MySqlConnector.php(24): Illuminate\\Database\\Connectors\\Connector->createConnection('mysql:host=127....', Array, Array)
#3 C:\\Users\\HP\\Desktop\\Rashfa\\backend\\vendor\\laravel\\framework\\src\\Illuminate\\Database\\Connectors\\ConnectionFactory.php(184): Illuminate\\Database\\Connectors\\MySqlConnector->connect(Array)
#4 [internal function]: Illuminate\\Database\\Connectors\\ConnectionFactory->Illuminate\\Database\\Connectors\\{closure}()
#5 C:\\Users\\HP\\Desktop\\Rashfa\\backend\\vendor\\laravel\\framework\\src\\Illuminate\\Database\\Connection.php(1181): call_user_func(Object(Closure))
#6 C:\\Users\\HP\\Desktop\\Rashfa\\backend\\vendor\\laravel\\framework\\src\\Illuminate\\Database\\Connection.php(486): Illuminate\\Database\\Connection->getPdo()
#7 C:\\Users\\HP\\Desktop\\Rashfa\\backend\\vendor\\laravel\\framework\\src\\Illuminate\\Database\\Connection.php(414): Illuminate\\Database\\Connection->getPdoForSelect(false)
#8 C:\\Users\\HP\\Desktop\\Rashfa\\backend\\vendor\\laravel\\framework\\src\\Illuminate\\Database\\Connection.php(753): Illuminate\\Database\\Connection->Illuminate\\Database\\{closure}('select * from i...', Array)
#9 C:\\Users\\HP\\Desktop\\Rashfa\\backend\\vendor\\laravel\\framework\\src\\Illuminate\\Database\\Connection.php(720): Illuminate\\Database\\Connection->runQueryCallback('select * from i...', Array, Object(Closure))
#10 C:\\Users\\HP\\Desktop\\Rashfa\\backend\\vendor\\laravel\\framework\\src\\Illuminate\\Database\\Connection.php(422): Illuminate\\Database\\Connection->run('select * from i...', Array, Object(Closure))
#11 C:\\Users\\HP\\Desktop\\Rashfa\\backend\\vendor\\laravel\\framework\\src\\Illuminate\\Database\\Connection.php(392): Illuminate\\Database\\Connection->select('select * from i...', Array, false)
#12 C:\\Users\\HP\\Desktop\\Rashfa\\backend\\vendor\\laravel\\framework\\src\\Illuminate\\Database\\Schema\\MySqlBuilder.php(44): Illuminate\\Database\\Connection->selectFromWriteConnection('select * from i...', Array)
#13 C:\\Users\\HP\\Desktop\\Rashfa\\backend\\vendor\\laravel\\framework\\src\\Illuminate\\Database\\Migrations\\DatabaseMigrationRepository.php(169): Illuminate\\Database\\Schema\\MySqlBuilder->hasTable('migrations')
#14 C:\\Users\\HP\\Desktop\\Rashfa\\backend\\vendor\\laravel\\framework\\src\\Illuminate\\Database\\Migrations\\Migrator.php(722): Illuminate\\Database\\Migrations\\DatabaseMigrationRepository->repositoryExists()
#15 C:\\Users\\HP\\Desktop\\Rashfa\\backend\\vendor\\laravel\\framework\\src\\Illuminate\\Database\\Console\\Migrations\\MigrateCommand.php(138): Illuminate\\Database\\Migrations\\Migrator->repositoryExists()
#16 C:\\Users\\HP\\Desktop\\Rashfa\\backend\\vendor\\laravel\\framework\\src\\Illuminate\\Support\\helpers.php(260): Illuminate\\Database\\Console\\Migrations\\MigrateCommand->Illuminate\\Database\\Console\\Migrations\\{closure}(1)
#17 C:\\Users\\HP\\Desktop\\Rashfa\\backend\\vendor\\laravel\\framework\\src\\Illuminate\\Database\\Console\\Migrations\\MigrateCommand.php(157): retry(1, Object(Closure), 0, Object(Closure))
#18 C:\\Users\\HP\\Desktop\\Rashfa\\backend\\vendor\\laravel\\framework\\src\\Illuminate\\Database\\Console\\Migrations\\MigrateCommand.php(114): Illuminate\\Database\\Console\\Migrations\\MigrateCommand->repositoryExists()
#19 C:\\Users\\HP\\Desktop\\Rashfa\\backend\\vendor\\laravel\\framework\\src\\Illuminate\\Database\\Console\\Migrations\\MigrateCommand.php(82): Illuminate\\Database\\Console\\Migrations\\MigrateCommand->prepareDatabase()
#20 C:\\Users\\HP\\Desktop\\Rashfa\\backend\\vendor\\laravel\\framework\\src\\Illuminate\\Database\\Migrations\\Migrator.php(636): Illuminate\\Database\\Console\\Migrations\\MigrateCommand->Illuminate\\Database\\Console\\Migrations\\{closure}()
#21 C:\\Users\\HP\\Desktop\\Rashfa\\backend\\vendor\\laravel\\framework\\src\\Illuminate\\Database\\Console\\Migrations\\MigrateCommand.php(102): Illuminate\\Database\\Migrations\\Migrator->usingConnection(NULL, Object(Closure))
#22 C:\\Users\\HP\\Desktop\\Rashfa\\backend\\vendor\\laravel\\framework\\src\\Illuminate\\Container\\BoundMethod.php(36): Illuminate\\Database\\Console\\Migrations\\MigrateCommand->handle()
#23 C:\\Users\\HP\\Desktop\\Rashfa\\backend\\vendor\\laravel\\framework\\src\\Illuminate\\Container\\Util.php(41): Illuminate\\Container\\BoundMethod::Illuminate\\Container\\{closure}()
#24 C:\\Users\\HP\\Desktop\\Rashfa\\backend\\vendor\\laravel\\framework\\src\\Illuminate\\Container\\BoundMethod.php(93): Illuminate\\Container\\Util::unwrapIfClosure(Object(Closure))
#25 C:\\Users\\HP\\Desktop\\Rashfa\\backend\\vendor\\laravel\\framework\\src\\Illuminate\\Container\\BoundMethod.php(37): Illuminate\\Container\\BoundMethod::callBoundMethod(Object(Illuminate\\Foundation\\Application), Array, Object(Closure))
#26 C:\\Users\\HP\\Desktop\\Rashfa\\backend\\vendor\\laravel\\framework\\src\\Illuminate\\Container\\Container.php(661): Illuminate\\Container\\BoundMethod::call(Object(Illuminate\\Foundation\\Application), Array, Array, NULL)
#27 C:\\Users\\HP\\Desktop\\Rashfa\\backend\\vendor\\laravel\\framework\\src\\Illuminate\\Console\\Command.php(183): Illuminate\\Container\\Container->call(Array)
#28 C:\\Users\\HP\\Desktop\\Rashfa\\backend\\vendor\\symfony\\console\\Command\\Command.php(291): Illuminate\\Console\\Command->execute(Object(Symfony\\Component\\Console\\Input\\ArgvInput), Object(Illuminate\\Console\\OutputStyle))
#29 C:\\Users\\HP\\Desktop\\Rashfa\\backend\\vendor\\laravel\\framework\\src\\Illuminate\\Console\\Command.php(153): Symfony\\Component\\Console\\Command\\Command->run(Object(Symfony\\Component\\Console\\Input\\ArgvInput), Object(Illuminate\\Console\\OutputStyle))
#30 C:\\Users\\HP\\Desktop\\Rashfa\\backend\\vendor\\symfony\\console\\Application.php(1014): Illuminate\\Console\\Command->run(Object(Symfony\\Component\\Console\\Input\\ArgvInput), Object(Symfony\\Component\\Console\\Output\\ConsoleOutput))
#31 C:\\Users\\HP\\Desktop\\Rashfa\\backend\\vendor\\symfony\\console\\Application.php(301): Symfony\\Component\\Console\\Application->doRunCommand(Object(Illuminate\\Database\\Console\\Migrations\\MigrateCommand), Object(Symfony\\Component\\Console\\Input\\ArgvInput), Object(Symfony\\Component\\Console\\Output\\ConsoleOutput))
#32 C:\\Users\\HP\\Desktop\\Rashfa\\backend\\vendor\\symfony\\console\\Application.php(171): Symfony\\Component\\Console\\Application->doRun(Object(Symfony\\Component\\Console\\Input\\ArgvInput), Object(Symfony\\Component\\Console\\Output\\ConsoleOutput))
#33 C:\\Users\\HP\\Desktop\\Rashfa\\backend\\vendor\\laravel\\framework\\src\\Illuminate\\Console\\Application.php(102): Symfony\\Component\\Console\\Application->run(Object(Symfony\\Component\\Console\\Input\\ArgvInput), Object(Symfony\\Component\\Console\\Output\\ConsoleOutput))
#34 C:\\Users\\HP\\Desktop\\Rashfa\\backend\\vendor\\laravel\\framework\\src\\Illuminate\\Foundation\\Console\\Kernel.php(155): Illuminate\\Console\\Application->run(Object(Symfony\\Component\\Console\\Input\\ArgvInput), Object(Symfony\\Component\\Console\\Output\\ConsoleOutput))
#35 C:\\Users\\HP\\Desktop\\Rashfa\\backend\\artisan(37): Illuminate\\Foundation\\Console\\Kernel->handle(Object(Symfony\\Component\\Console\\Input\\ArgvInput), Object(Symfony\\Component\\Console\\Output\\ConsoleOutput))
#36 {main}
"} 
[2026-02-04 12:51:14] local.ERROR: SQLSTATE[HY000] [1049] Unknown database 'laravel' (SQL: select * from `users` where `email` = admin@event.com limit 1) {"exception":"[object] (Illuminate\\Database\\QueryException(code: 1049): SQLSTATE[HY000] [1049] Unknown database 'laravel' (SQL: select * from `users` where `email` = admin@event.com limit 1) at C:\\Users\\HP\\Desktop\\Rashfa\\backend\\vendor\\laravel\\framework\\src\\Illuminate\\Database\\Connection.php:760)
[stacktrace]
#0 C:\\Users\\HP\\Desktop\\Rashfa\\backend\\vendor\\laravel\\framework\\src\\Illuminate\\Database\\Connection.php(720): Illuminate\\Database\\Connection->runQueryCallback('select * from `...', Array, Object(Closure))
#1 C:\\Users\\HP\\Desktop\\Rashfa\\backend\\vendor\\laravel\\framework\\src\\Illuminate\\Database\\Connection.php(422): Illuminate\\Database\\Connection->run('select * from `...', Array, Object(Closure))
#2 C:\\Users\\HP\\Desktop\\Rashfa\\backend\\vendor\\laravel\\framework\\src\\Illuminate\\Database\\Query\\Builder.php(2706): Illuminate\\Database\\Connection->select('select * from `...', Array, true)
#3 C:\\Users\\HP\\Desktop\\Rashfa\\backend\\vendor\\laravel\\framework\\src\\Illuminate\\Database\\Query\\Builder.php(2694): Illuminate\\Database\\Query\\Builder->runSelect()
#4 C:\\Users\\HP\\Desktop\\Rashfa\\backend\\vendor\\laravel\\framework\\src\\Illuminate\\Database\\Query\\Builder.php(3230): Illuminate\\Database\\Query\\Builder->Illuminate\\Database\\Query\\{closure}()
#5 C:\\Users\\HP\\Desktop\\Rashfa\\backend\\vendor\\laravel\\framework\\src\\Illuminate\\Database\\Query\\Builder.php(2695): Illuminate\\Database\\Query\\Builder->onceWithColumns(Array, Object(Closure))
#6 C:\\Users\\HP\\Desktop\\Rashfa\\backend\\vendor\\laravel\\framework\\src\\Illuminate\\Database\\Eloquent\\Builder.php(710): Illuminate\\Database\\Query\\Builder->get(Array)
#7 C:\\Users\\HP\\Desktop\\Rashfa\\backend\\vendor\\laravel\\framework\\src\\Illuminate\\Database\\Eloquent\\Builder.php(694): Illuminate\\Database\\Eloquent\\Builder->getModels(Array)
#8 C:\\Users\\HP\\Desktop\\Rashfa\\backend\\vendor\\laravel\\framework\\src\\Illuminate\\Database\\Concerns\\BuildsQueries.php(296): Illuminate\\Database\\Eloquent\\Builder->get(Array)
#9 C:\\Users\\HP\\Desktop\\Rashfa\\backend\\app\\Http\\Controllers\\AuthController.php(62): Illuminate\\Database\\Eloquent\\Builder->first()
#10 C:\\Users\\HP\\Desktop\\Rashfa\\backend\\vendor\\laravel\\framework\\src\\Illuminate\\Routing\\Controller.php(54): App\\Http\\Controllers\\AuthController->login(Object(Illuminate\\Http\\Request))
#11 C:\\Users\\HP\\Desktop\\Rashfa\\backend\\vendor\\laravel\\framework\\src\\Illuminate\\Routing\\ControllerDispatcher.php(43): Illuminate\\Routing\\Controller->callAction('login', Array)
#12 C:\\Users\\HP\\Desktop\\Rashfa\\backend\\vendor\\laravel\\framework\\src\\Illuminate\\Routing\\Route.php(260): Illuminate\\Routing\\ControllerDispatcher->dispatch(Object(Illuminate\\Routing\\Route), Object(App\\Http\\Controllers\\AuthController), 'login')
#13 C:\\Users\\HP\\Desktop\\Rashfa\\backend\\vendor\\laravel\\framework\\src\\Illuminate\\Routing\\Route.php(205): Illuminate\\Routing\\Route->runController()
#14 C:\\Users\\HP\\Desktop\\Rashfa\\backend\\vendor\\laravel\\framework\\src\\Illuminate\\Routing\\Router.php(798): Illuminate\\Routing\\Route->run()
#15 C:\\Users\\HP\\Desktop\\Rashfa\\backend\\vendor\\laravel\\framework\\src\\Illuminate\\Pipeline\\Pipeline.php(141): Illuminate\\Routing\\Router->Illuminate\\Routing\\{closure}(Object(Illuminate\\Http\\Request))
#16 C:\\Users\\HP\\Desktop\\Rashfa\\backend\\vendor\\laravel\\framework\\src\\Illuminate\\Routing\\Middleware\\SubstituteBindings.php(50): Illuminate\\Pipeline\\Pipeline->Illuminate\\Pipeline\\{closure}(Object(Illuminate\\Http\\Request))
#17 C:\\Users\\HP\\Desktop\\Rashfa\\backend\\vendor\\laravel\\framework\\src\\Illuminate\\Pipeline\\Pipeline.php(180): Illuminate\\Routing\\Middleware\\SubstituteBindings->handle(Object(Illuminate\\Http\\Request), Object(Closure))
#18 C:\\Users\\HP\\Desktop\\Rashfa\\backend\\vendor\\laravel\\framework\\src\\Illuminate\\Routing\\Middleware\\ThrottleRequests.php(126): Illuminate\\Pipeline\\Pipeline->Illuminate\\Pipeline\\{closure}(Object(Illuminate\\Http\\Request))
#19 C:\\Users\\HP\\Desktop\\Rashfa\\backend\\vendor\\laravel\\framework\\src\\Illuminate\\Routing\\Middleware\\ThrottleRequests.php(102): Illuminate\\Routing\\Middleware\\ThrottleRequests->handleRequest(Object(Illuminate\\Http\\Request), Object(Closure), Array)
#20 C:\\Users\\HP\\Desktop\\Rashfa\\backend\\vendor\\laravel\\framework\\src\\Illuminate\\Routing\\Middleware\\ThrottleRequests.php(54): Illuminate\\Routing\\Middleware\\ThrottleRequests->handleRequestUsingNamedLimiter(Object(Illuminate\\Http\\Request), Object(Closure), 'api', Object(Closure))
#21 C:\\Users\\HP\\Desktop\\Rashfa\\backend\\vendor\\laravel\\framework\\src\\Illuminate\\Pipeline\\Pipeline.php(180): Illuminate\\Routing\\Middleware\\ThrottleRequests->handle(Object(Illuminate\\Http\\Request), Object(Closure), 'api')
#22 C:\\Users\\HP\\Desktop\\Rashfa\\backend\\vendor\\laravel\\framework\\src\\Illuminate\\Pipeline\\Pipeline.php(116): Illuminate\\Pipeline\\Pipeline->Illuminate\\Pipeline\\{closure}(Object(Illuminate\\Http\\Request))
#23 C:\\Users\\HP\\Desktop\\Rashfa\\backend\\vendor\\laravel\\framework\\src\\Illuminate\\Routing\\Router.php(799): Illuminate\\Pipeline\\Pipeline->then(Object(Closure))
#24 C:\\Users\\HP\\Desktop\\Rashfa\\backend\\vendor\\laravel\\framework\\src\\Illuminate\\Routing\\Router.php(776): Illuminate\\Routing\\Router->runRouteWithinStack(Object(Illuminate\\Routing\\Route), Object(Illuminate\\Http\\Request))
#25 C:\\Users\\HP\\Desktop\\Rashfa\\backend\\vendor\\laravel\\framework\\src\\Illuminate\\Routing\\Router.php(740): Illuminate\\Routing\\Router->runRoute(Object(Illuminate\\Http\\Request), Object(Illuminate\\Routing\\Route))
#26 C:\\Users\\HP\\Desktop\\Rashfa\\backend\\vendor\\laravel\\framework\\src\\Illuminate\\Routing\\Router.php(729): Illuminate\\Routing\\Router->dispatchToRoute(Object(Illuminate\\Http\\Request))
#27 C:\\Users\\HP\\Desktop\\Rashfa\\backend\\vendor\\laravel\\framework\\src\\Illuminate\\Foundation\\Http\\Kernel.php(190): Illuminate\\Routing\\Router->dispatch(Object(Illuminate\\Http\\Request))
#28 C:\\Users\\HP\\Desktop\\Rashfa\\backend\\vendor\\laravel\\framework\\src\\Illuminate\\Pipeline\\Pipeline.php(141): Illuminate\\Foundation\\Http\\Kernel->Illuminate\\Foundation\\Http\\{closure}(Object(Illuminate\\Http\\Request))
#29 C:\\Users\\HP\\Desktop\\Rashfa\\backend\\vendor\\laravel\\framework\\src\\Illuminate\\Foundation\\Http\\Middleware\\TransformsRequest.php(21): Illuminate\\Pipeline\\Pipeline->Illuminate\\Pipeline\\{closure}(Object(Illuminate\\Http\\Request))
#30 C:\\Users\\HP\\Desktop\\Rashfa\\backend\\vendor\\laravel\\framework\\src\\Illuminate\\Foundation\\Http\\Middleware\\ConvertEmptyStringsToNull.php(31): Illuminate\\Foundation\\Http\\Middleware\\TransformsRequest->handle(Object(Illuminate\\Http\\Request), Object(Closure))
#31 C:\\Users\\HP\\Desktop\\Rashfa\\backend\\vendor\\laravel\\framework\\src\\Illuminate\\Pipeline\\Pipeline.php(180): Illuminate\\Foundation\\Http\\Middleware\\ConvertEmptyStringsToNull->handle(Object(Illuminate\\Http\\Request), Object(Closure))
#32 C:\\Users\\HP\\Desktop\\Rashfa\\backend\\vendor\\laravel\\framework\\src\\Illuminate\\Foundation\\Http\\Middleware\\TransformsRequest.php(21): Illuminate\\Pipeline\\Pipeline->Illuminate\\Pipeline\\{closure}(Object(Illuminate\\Http\\Request))
#33 C:\\Users\\HP\\Desktop\\Rashfa\\backend\\vendor\\laravel\\framework\\src\\Illuminate\\Foundation\\Http\\Middleware\\TrimStrings.php(40): Illuminate\\Foundation\\Http\\Middleware\\TransformsRequest->handle(Object(Illuminate\\Http\\Request), Object(Closure))
#34 C:\\Users\\HP\\Desktop\\Rashfa\\backend\\vendor\\laravel\\framework\\src\\Illuminate\\Pipeline\\Pipeline.php(180): Illuminate\\Foundation\\Http\\Middleware\\TrimStrings->handle(Object(Illuminate\\Http\\Request), Object(Closure))
#35 C:\\Users\\HP\\Desktop\\Rashfa\\backend\\vendor\\laravel\\framework\\src\\Illuminate\\Foundation\\Http\\Middleware\\ValidatePostSize.php(27): Illuminate\\Pipeline\\Pipeline->Illuminate\\Pipeline\\{closure}(Object(Illuminate\\Http\\Request))
#36 C:\\Users\\HP\\Desktop\\Rashfa\\backend\\vendor\\laravel\\framework\\src\\Illuminate\\Pipeline\\Pipeline.php(180): Illuminate\\Foundation\\Http\\Middleware\\ValidatePostSize->handle(Object(Illuminate\\Http\\Request), Object(Closure))
#37 C:\\Users\\HP\\Desktop\\Rashfa\\backend\\vendor\\laravel\\framework\\src\\Illuminate\\Foundation\\Http\\Middleware\\PreventRequestsDuringMaintenance.php(86): Illuminate\\Pipeline\\Pipeline->Illuminate\\Pipeline\\{closure}(Object(Illuminate\\Http\\Request))
#38 C:\\Users\\HP\\Desktop\\Rashfa\\backend\\vendor\\laravel\\framework\\src\\Illuminate\\Pipeline\\Pipeline.php(180): Illuminate\\Foundation\\Http\\Middleware\\PreventRequestsDuringMaintenance->handle(Object(Illuminate\\Http\\Request), Object(Closure))
#39 C:\\Users\\HP\\Desktop\\Rashfa\\backend\\vendor\\laravel\\framework\\src\\Illuminate\\Http\\Middleware\\HandleCors.php(62): Illuminate\\Pipeline\\Pipeline->Illuminate\\Pipeline\\{closure}(Object(Illuminate\\Http\\Request))
#40 C:\\Users\\HP\\Desktop\\Rashfa\\backend\\vendor\\laravel\\framework\\src\\Illuminate\\Pipeline\\Pipeline.php(180): Illuminate\\Http\\Middleware\\HandleCors->handle(Object(Illuminate\\Http\\Request), Object(Closure))
#41 C:\\Users\\HP\\Desktop\\Rashfa\\backend\\vendor\\laravel\\framework\\src\\Illuminate\\Http\\Middleware\\TrustProxies.php(39): Illuminate\\Pipeline\\Pipeline->Illuminate\\Pipeline\\{closure}(Object(Illuminate\\Http\\Request))
#42 C:\\Users\\HP\\Desktop\\Rashfa\\backend\\vendor\\laravel\\framework\\src\\Illuminate\\Pipeline\\Pipeline.php(180): Illuminate\\Http\\Middleware\\TrustProxies->handle(Object(Illuminate\\Http\\Request), Object(Closure))
#43 C:\\Users\\HP\\Desktop\\Rashfa\\backend\\vendor\\laravel\\framework\\src\\Illuminate\\Pipeline\\Pipeline.php(116): Illuminate\\Pipeline\\Pipeline->Illuminate\\Pipeline\\{closure}(Object(Illuminate\\Http\\Request))
#44 C:\\Users\\HP\\Desktop\\Rashfa\\backend\\vendor\\laravel\\framework\\src\\Illuminate\\Foundation\\Http\\Kernel.php(165): Illuminate\\Pipeline\\Pipeline->then(Object(Closure))
#45 C:\\Users\\HP\\Desktop\\Rashfa\\backend\\vendor\\laravel\\framework\\src\\Illuminate\\Foundation\\Http\\Kernel.php(134): Illuminate\\Foundation\\Http\\Kernel->sendRequestThroughRouter(Object(Illuminate\\Http\\Request))
#46 C:\\Users\\HP\\Desktop\\Rashfa\\backend\\public\\index.php(52): Illuminate\\Foundation\\Http\\Kernel->handle(Object(Illuminate\\Http\\Request))
#47 C:\\Users\\HP\\Desktop\\Rashfa\\backend\\vendor\\laravel\\framework\\src\\Illuminate\\Foundation\\resources\\server.php(16): require_once('C:\\\\Users\\\\HP\\\\Des...')
#48 {main}

[previous exception] [object] (PDOException(code: 1049): SQLSTATE[HY000] [1049] Unknown database 'laravel' at C:\\Users\\HP\\Desktop\\Rashfa\\backend\\vendor\\laravel\\framework\\src\\Illuminate\\Database\\Connectors\\Connector.php:70)
[stacktrace]
#0 C:\\Users\\HP\\Desktop\\Rashfa\\backend\\vendor\\laravel\\framework\\src\\Illuminate\\Database\\Connectors\\Connector.php(70): PDO->__construct('mysql:host=127....', 'root', '', Array)
#1 C:\\Users\\HP\\Desktop\\Rashfa\\backend\\vendor\\laravel\\framework\\src\\Illuminate\\Database\\Connectors\\Connector.php(46): Illuminate\\Database\\Connectors\\Connector->createPdoConnection('mysql:host=127....', 'root', '', Array)
#2 C:\\Users\\HP\\Desktop\\Rashfa\\backend\\vendor\\laravel\\framework\\src\\Illuminate\\Database\\Connectors\\MySqlConnector.php(24): Illuminate\\Database\\Connectors\\Connector->createConnection('mysql:host=127....', Array, Array)
#3 C:\\Users\\HP\\Desktop\\Rashfa\\backend\\vendor\\laravel\\framework\\src\\Illuminate\\Database\\Connectors\\ConnectionFactory.php(184): Illuminate\\Database\\Connectors\\MySqlConnector->connect(Array)
#4 [internal function]: Illuminate\\Database\\Connectors\\ConnectionFactory->Illuminate\\Database\\Connectors\\{closure}()
#5 C:\\Users\\HP\\Desktop\\Rashfa\\backend\\vendor\\laravel\\framework\\src\\Illuminate\\Database\\Connection.php(1181): call_user_func(Object(Closure))
#6 C:\\Users\\HP\\Desktop\\Rashfa\\backend\\vendor\\laravel\\framework\\src\\Illuminate\\Database\\Connection.php(1217): Illuminate\\Database\\Connection->getPdo()
#7 C:\\Users\\HP\\Desktop\\Rashfa\\backend\\vendor\\laravel\\framework\\src\\Illuminate\\Database\\Connection.php(486): Illuminate\\Database\\Connection->getReadPdo()
#8 C:\\Users\\HP\\Desktop\\Rashfa\\backend\\vendor\\laravel\\framework\\src\\Illuminate\\Database\\Connection.php(414): Illuminate\\Database\\Connection->getPdoForSelect(true)
#9 C:\\Users\\HP\\Desktop\\Rashfa\\backend\\vendor\\laravel\\framework\\src\\Illuminate\\Database\\Connection.php(753): Illuminate\\Database\\Connection->Illuminate\\Database\\{closure}('select * from `...', Array)
#10 C:\\Users\\HP\\Desktop\\Rashfa\\backend\\vendor\\laravel\\framework\\src\\Illuminate\\Database\\Connection.php(720): Illuminate\\Database\\Connection->runQueryCallback('select * from `...', Array, Object(Closure))
#11 C:\\Users\\HP\\Desktop\\Rashfa\\backend\\vendor\\laravel\\framework\\src\\Illuminate\\Database\\Connection.php(422): Illuminate\\Database\\Connection->run('select * from `...', Array, Object(Closure))
#12 C:\\Users\\HP\\Desktop\\Rashfa\\backend\\vendor\\laravel\\framework\\src\\Illuminate\\Database\\Query\\Builder.php(2706): Illuminate\\Database\\Connection->select('select * from `...', Array, true)
#13 C:\\Users\\HP\\Desktop\\Rashfa\\backend\\vendor\\laravel\\framework\\src\\Illuminate\\Database\\Query\\Builder.php(2694): Illuminate\\Database\\Query\\Builder->runSelect()
#14 C:\\Users\\HP\\Desktop\\Rashfa\\backend\\vendor\\laravel\\framework\\src\\Illuminate\\Database\\Query\\Builder.php(3230): Illuminate\\Database\\Query\\Builder->Illuminate\\Database\\Query\\{closure}()
#15 C:\\Users\\HP\\Desktop\\Rashfa\\backend\\vendor\\laravel\\framework\\src\\Illuminate\\Database\\Query\\Builder.php(2695): Illuminate\\Database\\Query\\Builder->onceWithColumns(Array, Object(Closure))
#16 C:\\Users\\HP\\Desktop\\Rashfa\\backend\\vendor\\laravel\\framework\\src\\Illuminate\\Database\\Eloquent\\Builder.php(710): Illuminate\\Database\\Query\\Builder->get(Array)
#17 C:\\Users\\HP\\Desktop\\Rashfa\\backend\\vendor\\laravel\\framework\\src\\Illuminate\\Database\\Eloquent\\Builder.php(694): Illuminate\\Database\\Eloquent\\Builder->getModels(Array)
#18 C:\\Users\\HP\\Desktop\\Rashfa\\backend\\vendor\\laravel\\framework\\src\\Illuminate\\Database\\Concerns\\BuildsQueries.php(296): Illuminate\\Database\\Eloquent\\Builder->get(Array)
#19 C:\\Users\\HP\\Desktop\\Rashfa\\backend\\app\\Http\\Controllers\\AuthController.php(62): Illuminate\\Database\\Eloquent\\Builder->first()
#20 C:\\Users\\HP\\Desktop\\Rashfa\\backend\\vendor\\laravel\\framework\\src\\Illuminate\\Routing\\Controller.php(54): App\\Http\\Controllers\\AuthController->login(Object(Illuminate\\Http\\Request))
#21 C:\\Users\\HP\\Desktop\\Rashfa\\backend\\vendor\\laravel\\framework\\src\\Illuminate\\Routing\\ControllerDispatcher.php(43): Illuminate\\Routing\\Controller->callAction('login', Array)
#22 C:\\Users\\HP\\Desktop\\Rashfa\\backend\\vendor\\laravel\\framework\\src\\Illuminate\\Routing\\Route.php(260): Illuminate\\Routing\\ControllerDispatcher->dispatch(Object(Illuminate\\Routing\\Route), Object(App\\Http\\Controllers\\AuthController), 'login')
#23 C:\\Users\\HP\\Desktop\\Rashfa\\backend\\vendor\\laravel\\framework\\src\\Illuminate\\Routing\\Route.php(205): Illuminate\\Routing\\Route->runController()
#24 C:\\Users\\HP\\Desktop\\Rashfa\\backend\\vendor\\laravel\\framework\\src\\Illuminate\\Routing\\Router.php(798): Illuminate\\Routing\\Route->run()
#25 C:\\Users\\HP\\Desktop\\Rashfa\\backend\\vendor\\laravel\\framework\\src\\Illuminate\\Pipeline\\Pipeline.php(141): Illuminate\\Routing\\Router->Illuminate\\Routing\\{closure}(Object(Illuminate\\Http\\Request))
#26 C:\\Users\\HP\\Desktop\\Rashfa\\backend\\vendor\\laravel\\framework\\src\\Illuminate\\Routing\\Middleware\\SubstituteBindings.php(50): Illuminate\\Pipeline\\Pipeline->Illuminate\\Pipeline\\{closure}(Object(Illuminate\\Http\\Request))
#27 C:\\Users\\HP\\Desktop\\Rashfa\\backend\\vendor\\laravel\\framework\\src\\Illuminate\\Pipeline\\Pipeline.php(180): Illuminate\\Routing\\Middleware\\SubstituteBindings->handle(Object(Illuminate\\Http\\Request), Object(Closure))
#28 C:\\Users\\HP\\Desktop\\Rashfa\\backend\\vendor\\laravel\\framework\\src\\Illuminate\\Routing\\Middleware\\ThrottleRequests.php(126): Illuminate\\Pipeline\\Pipeline->Illuminate\\Pipeline\\{closure}(Object(Illuminate\\Http\\Request))
#29 C:\\Users\\HP\\Desktop\\Rashfa\\backend\\vendor\\laravel\\framework\\src\\Illuminate\\Routing\\Middleware\\ThrottleRequests.php(102): Illuminate\\Routing\\Middleware\\ThrottleRequests->handleRequest(Object(Illuminate\\Http\\Request), Object(Closure), Array)
#30 C:\\Users\\HP\\Desktop\\Rashfa\\backend\\vendor\\laravel\\framework\\src\\Illuminate\\Routing\\Middleware\\ThrottleRequests.php(54): Illuminate\\Routing\\Middleware\\ThrottleRequests->handleRequestUsingNamedLimiter(Object(Illuminate\\Http\\Request), Object(Closure), 'api', Object(Closure))
#31 C:\\Users\\HP\\Desktop\\Rashfa\\backend\\vendor\\laravel\\framework\\src\\Illuminate\\Pipeline\\Pipeline.php(180): Illuminate\\Routing\\Middleware\\ThrottleRequests->handle(Object(Illuminate\\Http\\Request), Object(Closure), 'api')
#32 C:\\Users\\HP\\Desktop\\Rashfa\\backend\\vendor\\laravel\\framework\\src\\Illuminate\\Pipeline\\Pipeline.php(116): Illuminate\\Pipeline\\Pipeline->Illuminate\\Pipeline\\{closure}(Object(Illuminate\\Http\\Request))
#33 C:\\Users\\HP\\Desktop\\Rashfa\\backend\\vendor\\laravel\\framework\\src\\Illuminate\\Routing\\Router.php(799): Illuminate\\Pipeline\\Pipeline->then(Object(Closure))
#34 C:\\Users\\HP\\Desktop\\Rashfa\\backend\\vendor\\laravel\\framework\\src\\Illuminate\\Routing\\Router.php(776): Illuminate\\Routing\\Router->runRouteWithinStack(Object(Illuminate\\Routing\\Route), Object(Illuminate\\Http\\Request))
#35 C:\\Users\\HP\\Desktop\\Rashfa\\backend\\vendor\\laravel\\framework\\src\\Illuminate\\Routing\\Router.php(740): Illuminate\\Routing\\Router->runRoute(Object(Illuminate\\Http\\Request), Object(Illuminate\\Routing\\Route))
#36 C:\\Users\\HP\\Desktop\\Rashfa\\backend\\vendor\\laravel\\framework\\src\\Illuminate\\Routing\\Router.php(729): Illuminate\\Routing\\Router->dispatchToRoute(Object(Illuminate\\Http\\Request))
#37 C:\\Users\\HP\\Desktop\\Rashfa\\backend\\vendor\\laravel\\framework\\src\\Illuminate\\Foundation\\Http\\Kernel.php(190): Illuminate\\Routing\\Router->dispatch(Object(Illuminate\\Http\\Request))
#38 C:\\Users\\HP\\Desktop\\Rashfa\\backend\\vendor\\laravel\\framework\\src\\Illuminate\\Pipeline\\Pipeline.php(141): Illuminate\\Foundation\\Http\\Kernel->Illuminate\\Foundation\\Http\\{closure}(Object(Illuminate\\Http\\Request))
#39 C:\\Users\\HP\\Desktop\\Rashfa\\backend\\vendor\\laravel\\framework\\src\\Illuminate\\Foundation\\Http\\Middleware\\TransformsRequest.php(21): Illuminate\\Pipeline\\Pipeline->Illuminate\\Pipeline\\{closure}(Object(Illuminate\\Http\\Request))
#40 C:\\Users\\HP\\Desktop\\Rashfa\\backend\\vendor\\laravel\\framework\\src\\Illuminate\\Foundation\\Http\\Middleware\\ConvertEmptyStringsToNull.php(31): Illuminate\\Foundation\\Http\\Middleware\\TransformsRequest->handle(Object(Illuminate\\Http\\Request), Object(Closure))
#41 C:\\Users\\HP\\Desktop\\Rashfa\\backend\\vendor\\laravel\\framework\\src\\Illuminate\\Pipeline\\Pipeline.php(180): Illuminate\\Foundation\\Http\\Middleware\\ConvertEmptyStringsToNull->handle(Object(Illuminate\\Http\\Request), Object(Closure))
#42 C:\\Users\\HP\\Desktop\\Rashfa\\backend\\vendor\\laravel\\framework\\src\\Illuminate\\Foundation\\Http\\Middleware\\TransformsRequest.php(21): Illuminate\\Pipeline\\Pipeline->Illuminate\\Pipeline\\{closure}(Object(Illuminate\\Http\\Request))
#43 C:\\Users\\HP\\Desktop\\Rashfa\\backend\\vendor\\laravel\\framework\\src\\Illuminate\\Foundation\\Http\\Middleware\\TrimStrings.php(40): Illuminate\\Foundation\\Http\\Middleware\\TransformsRequest->handle(Object(Illuminate\\Http\\Request), Object(Closure))
#44 C:\\Users\\HP\\Desktop\\Rashfa\\backend\\vendor\\laravel\\framework\\src\\Illuminate\\Pipeline\\Pipeline.php(180): Illuminate\\Foundation\\Http\\Middleware\\TrimStrings->handle(Object(Illuminate\\Http\\Request), Object(Closure))
#45 C:\\Users\\HP\\Desktop\\Rashfa\\backend\\vendor\\laravel\\framework\\src\\Illuminate\\Foundation\\Http\\Middleware\\ValidatePostSize.php(27): Illuminate\\Pipeline\\Pipeline->Illuminate\\Pipeline\\{closure}(Object(Illuminate\\Http\\Request))
#46 C:\\Users\\HP\\Desktop\\Rashfa\\backend\\vendor\\laravel\\framework\\src\\Illuminate\\Pipeline\\Pipeline.php(180): Illuminate\\Foundation\\Http\\Middleware\\ValidatePostSize->handle(Object(Illuminate\\Http\\Request), Object(Closure))
#47 C:\\Users\\HP\\Desktop\\Rashfa\\backend\\vendor\\laravel\\framework\\src\\Illuminate\\Foundation\\Http\\Middleware\\PreventRequestsDuringMaintenance.php(86): Illuminate\\Pipeline\\Pipeline->Illuminate\\Pipeline\\{closure}(Object(Illuminate\\Http\\Request))
#48 C:\\Users\\HP\\Desktop\\Rashfa\\backend\\vendor\\laravel\\framework\\src\\Illuminate\\Pipeline\\Pipeline.php(180): Illuminate\\Foundation\\Http\\Middleware\\PreventRequestsDuringMaintenance->handle(Object(Illuminate\\Http\\Request), Object(Closure))
#49 C:\\Users\\HP\\Desktop\\Rashfa\\backend\\vendor\\laravel\\framework\\src\\Illuminate\\Http\\Middleware\\HandleCors.php(62): Illuminate\\Pipeline\\Pipeline->Illuminate\\Pipeline\\{closure}(Object(Illuminate\\Http\\Request))
#50 C:\\Users\\HP\\Desktop\\Rashfa\\backend\\vendor\\laravel\\framework\\src\\Illuminate\\Pipeline\\Pipeline.php(180): Illuminate\\Http\\Middleware\\HandleCors->handle(Object(Illuminate\\Http\\Request), Object(Closure))
#51 C:\\Users\\HP\\Desktop\\Rashfa\\backend\\vendor\\laravel\\framework\\src\\Illuminate\\Http\\Middleware\\TrustProxies.php(39): Illuminate\\Pipeline\\Pipeline->Illuminate\\Pipeline\\{closure}(Object(Illuminate\\Http\\Request))
#52 C:\\Users\\HP\\Desktop\\Rashfa\\backend\\vendor\\laravel\\framework\\src\\Illuminate\\Pipeline\\Pipeline.php(180): Illuminate\\Http\\Middleware\\TrustProxies->handle(Object(Illuminate\\Http\\Request), Object(Closure))
#53 C:\\Users\\HP\\Desktop\\Rashfa\\backend\\vendor\\laravel\\framework\\src\\Illuminate\\Pipeline\\Pipeline.php(116): Illuminate\\Pipeline\\Pipeline->Illuminate\\Pipeline\\{closure}(Object(Illuminate\\Http\\Request))
#54 C:\\Users\\HP\\Desktop\\Rashfa\\backend\\vendor\\laravel\\framework\\src\\Illuminate\\Foundation\\Http\\Kernel.php(165): Illuminate\\Pipeline\\Pipeline->then(Object(Closure))
#55 C:\\Users\\HP\\Desktop\\Rashfa\\backend\\vendor\\laravel\\framework\\src\\Illuminate\\Foundation\\Http\\Kernel.php(134): Illuminate\\Foundation\\Http\\Kernel->sendRequestThroughRouter(Object(Illuminate\\Http\\Request))
#56 C:\\Users\\HP\\Desktop\\Rashfa\\backend\\public\\index.php(52): Illuminate\\Foundation\\Http\\Kernel->handle(Object(Illuminate\\Http\\Request))
#57 C:\\Users\\HP\\Desktop\\Rashfa\\backend\\vendor\\laravel\\framework\\src\\Illuminate\\Foundation\\resources\\server.php(16): require_once('C:\\\\Users\\\\HP\\\\Des...')
#58 {main}
"} 
[2026-02-05 14:24:36] local.ERROR: Maximum execution time of 60 seconds exceeded {"exception":"[object] (Symfony\\Component\\ErrorHandler\\Error\\FatalError(code: 0): Maximum execution time of 60 seconds exceeded at C:\\Users\\HP\\Desktop\\Rashfa\\backend\\vendor\\laravel\\framework\\src\\Illuminate\\Contracts\\Auth\\StatefulGuard.php:5)
[stacktrace]
#0 {main}
"} 
[2026-02-05 21:17:18] production.ERROR: SQLSTATE[HY000] [2002] php_network_getaddresses: getaddrinfo failed: H�te inconnu.  (SQL: select * from `products`) {"exception":"[object] (Illuminate\\Database\\QueryException(code: 2002): SQLSTATE[HY000] [2002] php_network_getaddresses: getaddrinfo failed: H�te inconnu.  (SQL: select * from `products`) at C:\\Users\\HP\\Desktop\\Rashfa\\backend\\vendor\\laravel\\framework\\src\\Illuminate\\Database\\Connection.php:760)
[stacktrace]
#0 C:\\Users\\HP\\Desktop\\Rashfa\\backend\\vendor\\laravel\\framework\\src\\Illuminate\\Database\\Connection.php(720): Illuminate\\Database\\Connection->runQueryCallback('select * from `...', Array, Object(Closure))
#1 C:\\Users\\HP\\Desktop\\Rashfa\\backend\\vendor\\laravel\\framework\\src\\Illuminate\\Database\\Connection.php(422): Illuminate\\Database\\Connection->run('select * from `...', Array, Object(Closure))
#2 C:\\Users\\HP\\Desktop\\Rashfa\\backend\\vendor\\laravel\\framework\\src\\Illuminate\\Database\\Query\\Builder.php(2706): Illuminate\\Database\\Connection->select('select * from `...', Array, true)
#3 C:\\Users\\HP\\Desktop\\Rashfa\\backend\\vendor\\laravel\\framework\\src\\Illuminate\\Database\\Query\\Builder.php(2694): Illuminate\\Database\\Query\\Builder->runSelect()
#4 C:\\Users\\HP\\Desktop\\Rashfa\\backend\\vendor\\laravel\\framework\\src\\Illuminate\\Database\\Query\\Builder.php(3230): Illuminate\\Database\\Query\\Builder->Illuminate\\Database\\Query\\{closure}()
#5 C:\\Users\\HP\\Desktop\\Rashfa\\backend\\vendor\\laravel\\framework\\src\\Illuminate\\Database\\Query\\Builder.php(2695): Illuminate\\Database\\Query\\Builder->onceWithColumns(Array, Object(Closure))
#6 C:\\Users\\HP\\Desktop\\Rashfa\\backend\\vendor\\laravel\\framework\\src\\Illuminate\\Database\\Eloquent\\Builder.php(710): Illuminate\\Database\\Query\\Builder->get(Array)
#7 C:\\Users\\HP\\Desktop\\Rashfa\\backend\\vendor\\laravel\\framework\\src\\Illuminate\\Database\\Eloquent\\Builder.php(694): Illuminate\\Database\\Eloquent\\Builder->getModels(Array)
#8 C:\\Users\\HP\\Desktop\\Rashfa\\backend\\vendor\\laravel\\framework\\src\\Illuminate\\Database\\Eloquent\\Model.php(674): Illuminate\\Database\\Eloquent\\Builder->get(Array)
#9 C:\\Users\\HP\\Desktop\\Rashfa\\backend\\app\\Http\\Controllers\\ProductController.php(17): Illuminate\\Database\\Eloquent\\Model::all()
#10 C:\\Users\\HP\\Desktop\\Rashfa\\backend\\vendor\\laravel\\framework\\src\\Illuminate\\Routing\\Controller.php(54): App\\Http\\Controllers\\ProductController->index()
#11 C:\\Users\\HP\\Desktop\\Rashfa\\backend\\vendor\\laravel\\framework\\src\\Illuminate\\Routing\\ControllerDispatcher.php(43): Illuminate\\Routing\\Controller->callAction('index', Array)
#12 C:\\Users\\HP\\Desktop\\Rashfa\\backend\\vendor\\laravel\\framework\\src\\Illuminate\\Routing\\Route.php(260): Illuminate\\Routing\\ControllerDispatcher->dispatch(Object(Illuminate\\Routing\\Route), Object(App\\Http\\Controllers\\ProductController), 'index')
#13 C:\\Users\\HP\\Desktop\\Rashfa\\backend\\vendor\\laravel\\framework\\src\\Illuminate\\Routing\\Route.php(205): Illuminate\\Routing\\Route->runController()
#14 C:\\Users\\HP\\Desktop\\Rashfa\\backend\\vendor\\laravel\\framework\\src\\Illuminate\\Routing\\Router.php(798): Illuminate\\Routing\\Route->run()
#15 C:\\Users\\HP\\Desktop\\Rashfa\\backend\\vendor\\laravel\\framework\\src\\Illuminate\\Pipeline\\Pipeline.php(141): Illuminate\\Routing\\Router->Illuminate\\Routing\\{closure}(Object(Illuminate\\Http\\Request))
#16 C:\\Users\\HP\\Desktop\\Rashfa\\backend\\vendor\\laravel\\framework\\src\\Illuminate\\Routing\\Middleware\\SubstituteBindings.php(50): Illuminate\\Pipeline\\Pipeline->Illuminate\\Pipeline\\{closure}(Object(Illuminate\\Http\\Request))
#17 C:\\Users\\HP\\Desktop\\Rashfa\\backend\\vendor\\laravel\\framework\\src\\Illuminate\\Pipeline\\Pipeline.php(180): Illuminate\\Routing\\Middleware\\SubstituteBindings->handle(Object(Illuminate\\Http\\Request), Object(Closure))
#18 C:\\Users\\HP\\Desktop\\Rashfa\\backend\\vendor\\laravel\\framework\\src\\Illuminate\\Routing\\Middleware\\ThrottleRequests.php(126): Illuminate\\Pipeline\\Pipeline->Illuminate\\Pipeline\\{closure}(Object(Illuminate\\Http\\Request))
#19 C:\\Users\\HP\\Desktop\\Rashfa\\backend\\vendor\\laravel\\framework\\src\\Illuminate\\Routing\\Middleware\\ThrottleRequests.php(102): Illuminate\\Routing\\Middleware\\ThrottleRequests->handleRequest(Object(Illuminate\\Http\\Request), Object(Closure), Array)
#20 C:\\Users\\HP\\Desktop\\Rashfa\\backend\\vendor\\laravel\\framework\\src\\Illuminate\\Routing\\Middleware\\ThrottleRequests.php(54): Illuminate\\Routing\\Middleware\\ThrottleRequests->handleRequestUsingNamedLimiter(Object(Illuminate\\Http\\Request), Object(Closure), 'api', Object(Closure))
#21 C:\\Users\\HP\\Desktop\\Rashfa\\backend\\vendor\\laravel\\framework\\src\\Illuminate\\Pipeline\\Pipeline.php(180): Illuminate\\Routing\\Middleware\\ThrottleRequests->handle(Object(Illuminate\\Http\\Request), Object(Closure), 'api')
#22 C:\\Users\\HP\\Desktop\\Rashfa\\backend\\vendor\\laravel\\framework\\src\\Illuminate\\Pipeline\\Pipeline.php(116): Illuminate\\Pipeline\\Pipeline->Illuminate\\Pipeline\\{closure}(Object(Illuminate\\Http\\Request))
#23 C:\\Users\\HP\\Desktop\\Rashfa\\backend\\vendor\\laravel\\framework\\src\\Illuminate\\Routing\\Router.php(799): Illuminate\\Pipeline\\Pipeline->then(Object(Closure))
#24 C:\\Users\\HP\\Desktop\\Rashfa\\backend\\vendor\\laravel\\framework\\src\\Illuminate\\Routing\\Router.php(776): Illuminate\\Routing\\Router->runRouteWithinStack(Object(Illuminate\\Routing\\Route), Object(Illuminate\\Http\\Request))
#25 C:\\Users\\HP\\Desktop\\Rashfa\\backend\\vendor\\laravel\\framework\\src\\Illuminate\\Routing\\Router.php(740): Illuminate\\Routing\\Router->runRoute(Object(Illuminate\\Http\\Request), Object(Illuminate\\Routing\\Route))
#26 C:\\Users\\HP\\Desktop\\Rashfa\\backend\\vendor\\laravel\\framework\\src\\Illuminate\\Routing\\Router.php(729): Illuminate\\Routing\\Router->dispatchToRoute(Object(Illuminate\\Http\\Request))
#27 C:\\Users\\HP\\Desktop\\Rashfa\\backend\\vendor\\laravel\\framework\\src\\Illuminate\\Foundation\\Http\\Kernel.php(190): Illuminate\\Routing\\Router->dispatch(Object(Illuminate\\Http\\Request))
#28 C:\\Users\\HP\\Desktop\\Rashfa\\backend\\vendor\\laravel\\framework\\src\\Illuminate\\Pipeline\\Pipeline.php(141): Illuminate\\Foundation\\Http\\Kernel->Illuminate\\Foundation\\Http\\{closure}(Object(Illuminate\\Http\\Request))
#29 C:\\Users\\HP\\Desktop\\Rashfa\\backend\\vendor\\laravel\\framework\\src\\Illuminate\\Foundation\\Http\\Middleware\\TransformsRequest.php(21): Illuminate\\Pipeline\\Pipeline->Illuminate\\Pipeline\\{closure}(Object(Illuminate\\Http\\Request))
#30 C:\\Users\\HP\\Desktop\\Rashfa\\backend\\vendor\\laravel\\framework\\src\\Illuminate\\Foundation\\Http\\Middleware\\ConvertEmptyStringsToNull.php(31): Illuminate\\Foundation\\Http\\Middleware\\TransformsRequest->handle(Object(Illuminate\\Http\\Request), Object(Closure))
#31 C:\\Users\\HP\\Desktop\\Rashfa\\backend\\vendor\\laravel\\framework\\src\\Illuminate\\Pipeline\\Pipeline.php(180): Illuminate\\Foundation\\Http\\Middleware\\ConvertEmptyStringsToNull->handle(Object(Illuminate\\Http\\Request), Object(Closure))
#32 C:\\Users\\HP\\Desktop\\Rashfa\\backend\\vendor\\laravel\\framework\\src\\Illuminate\\Foundation\\Http\\Middleware\\TransformsRequest.php(21): Illuminate\\Pipeline\\Pipeline->Illuminate\\Pipeline\\{closure}(Object(Illuminate\\Http\\Request))
#33 C:\\Users\\HP\\Desktop\\Rashfa\\backend\\vendor\\laravel\\framework\\src\\Illuminate\\Foundation\\Http\\Middleware\\TrimStrings.php(40): Illuminate\\Foundation\\Http\\Middleware\\TransformsRequest->handle(Object(Illuminate\\Http\\Request), Object(Closure))
#34 C:\\Users\\HP\\Desktop\\Rashfa\\backend\\vendor\\laravel\\framework\\src\\Illuminate\\Pipeline\\Pipeline.php(180): Illuminate\\Foundation\\Http\\Middleware\\TrimStrings->handle(Object(Illuminate\\Http\\Request), Object(Closure))
#35 C:\\Users\\HP\\Desktop\\Rashfa\\backend\\vendor\\laravel\\framework\\src\\Illuminate\\Foundation\\Http\\Middleware\\ValidatePostSize.php(27): Illuminate\\Pipeline\\Pipeline->Illuminate\\Pipeline\\{closure}(Object(Illuminate\\Http\\Request))
#36 C:\\Users\\HP\\Desktop\\Rashfa\\backend\\vendor\\laravel\\framework\\src\\Illuminate\\Pipeline\\Pipeline.php(180): Illuminate\\Foundation\\Http\\Middleware\\ValidatePostSize->handle(Object(Illuminate\\Http\\Request), Object(Closure))
#37 C:\\Users\\HP\\Desktop\\Rashfa\\backend\\vendor\\laravel\\framework\\src\\Illuminate\\Foundation\\Http\\Middleware\\PreventRequestsDuringMaintenance.php(86): Illuminate\\Pipeline\\Pipeline->Illuminate\\Pipeline\\{closure}(Object(Illuminate\\Http\\Request))
#38 C:\\Users\\HP\\Desktop\\Rashfa\\backend\\vendor\\laravel\\framework\\src\\Illuminate\\Pipeline\\Pipeline.php(180): Illuminate\\Foundation\\Http\\Middleware\\PreventRequestsDuringMaintenance->handle(Object(Illuminate\\Http\\Request), Object(Closure))
#39 C:\\Users\\HP\\Desktop\\Rashfa\\backend\\vendor\\laravel\\framework\\src\\Illuminate\\Http\\Middleware\\HandleCors.php(62): Illuminate\\Pipeline\\Pipeline->Illuminate\\Pipeline\\{closure}(Object(Illuminate\\Http\\Request))
#40 C:\\Users\\HP\\Desktop\\Rashfa\\backend\\vendor\\laravel\\framework\\src\\Illuminate\\Pipeline\\Pipeline.php(180): Illuminate\\Http\\Middleware\\HandleCors->handle(Object(Illuminate\\Http\\Request), Object(Closure))
#41 C:\\Users\\HP\\Desktop\\Rashfa\\backend\\vendor\\laravel\\framework\\src\\Illuminate\\Http\\Middleware\\TrustProxies.php(39): Illuminate\\Pipeline\\Pipeline->Illuminate\\Pipeline\\{closure}(Object(Illuminate\\Http\\Request))
#42 C:\\Users\\HP\\Desktop\\Rashfa\\backend\\vendor\\laravel\\framework\\src\\Illuminate\\Pipeline\\Pipeline.php(180): Illuminate\\Http\\Middleware\\TrustProxies->handle(Object(Illuminate\\Http\\Request), Object(Closure))
#43 C:\\Users\\HP\\Desktop\\Rashfa\\backend\\vendor\\laravel\\framework\\src\\Illuminate\\Pipeline\\Pipeline.php(116): Illuminate\\Pipeline\\Pipeline->Illuminate\\Pipeline\\{closure}(Object(Illuminate\\Http\\Request))
#44 C:\\Users\\HP\\Desktop\\Rashfa\\backend\\vendor\\laravel\\framework\\src\\Illuminate\\Foundation\\Http\\Kernel.php(165): Illuminate\\Pipeline\\Pipeline->then(Object(Closure))
#45 C:\\Users\\HP\\Desktop\\Rashfa\\backend\\vendor\\laravel\\framework\\src\\Illuminate\\Foundation\\Http\\Kernel.php(134): Illuminate\\Foundation\\Http\\Kernel->sendRequestThroughRouter(Object(Illuminate\\Http\\Request))
#46 C:\\Users\\HP\\Desktop\\Rashfa\\backend\\public\\index.php(52): Illuminate\\Foundation\\Http\\Kernel->handle(Object(Illuminate\\Http\\Request))
#47 C:\\Users\\HP\\Desktop\\Rashfa\\backend\\vendor\\laravel\\framework\\src\\Illuminate\\Foundation\\resources\\server.php(16): require_once('C:\\\\Users\\\\HP\\\\Des...')
#48 {main}

[previous exception] [object] (PDOException(code: 2002): SQLSTATE[HY000] [2002] php_network_getaddresses: getaddrinfo failed: H�te inconnu.  at C:\\Users\\HP\\Desktop\\Rashfa\\backend\\vendor\\laravel\\framework\\src\\Illuminate\\Database\\Connectors\\Connector.php:70)
[stacktrace]
#0 C:\\Users\\HP\\Desktop\\Rashfa\\backend\\vendor\\laravel\\framework\\src\\Illuminate\\Database\\Connectors\\Connector.php(70): PDO->__construct('mysql:host=sql2...', 'if0_41084923', 'w1nFkquQtObQXLm', Array)
#1 C:\\Users\\HP\\Desktop\\Rashfa\\backend\\vendor\\laravel\\framework\\src\\Illuminate\\Database\\Connectors\\Connector.php(46): Illuminate\\Database\\Connectors\\Connector->createPdoConnection('mysql:host=sql2...', 'if0_41084923', 'w1nFkquQtObQXLm', Array)
#2 C:\\Users\\HP\\Desktop\\Rashfa\\backend\\vendor\\laravel\\framework\\src\\Illuminate\\Database\\Connectors\\MySqlConnector.php(24): Illuminate\\Database\\Connectors\\Connector->createConnection('mysql:host=sql2...', Array, Array)
#3 C:\\Users\\HP\\Desktop\\Rashfa\\backend\\vendor\\laravel\\framework\\src\\Illuminate\\Database\\Connectors\\ConnectionFactory.php(184): Illuminate\\Database\\Connectors\\MySqlConnector->connect(Array)
#4 [internal function]: Illuminate\\Database\\Connectors\\ConnectionFactory->Illuminate\\Database\\Connectors\\{closure}()
#5 C:\\Users\\HP\\Desktop\\Rashfa\\backend\\vendor\\laravel\\framework\\src\\Illuminate\\Database\\Connection.php(1181): call_user_func(Object(Closure))
#6 C:\\Users\\HP\\Desktop\\Rashfa\\backend\\vendor\\laravel\\framework\\src\\Illuminate\\Database\\Connection.php(1217): Illuminate\\Database\\Connection->getPdo()
#7 C:\\Users\\HP\\Desktop\\Rashfa\\backend\\vendor\\laravel\\framework\\src\\Illuminate\\Database\\Connection.php(486): Illuminate\\Database\\Connection->getReadPdo()
#8 C:\\Users\\HP\\Desktop\\Rashfa\\backend\\vendor\\laravel\\framework\\src\\Illuminate\\Database\\Connection.php(414): Illuminate\\Database\\Connection->getPdoForSelect(true)
#9 C:\\Users\\HP\\Desktop\\Rashfa\\backend\\vendor\\laravel\\framework\\src\\Illuminate\\Database\\Connection.php(753): Illuminate\\Database\\Connection->Illuminate\\Database\\{closure}('select * from `...', Array)
#10 C:\\Users\\HP\\Desktop\\Rashfa\\backend\\vendor\\laravel\\framework\\src\\Illuminate\\Database\\Connection.php(720): Illuminate\\Database\\Connection->runQueryCallback('select * from `...', Array, Object(Closure))
#11 C:\\Users\\HP\\Desktop\\Rashfa\\backend\\vendor\\laravel\\framework\\src\\Illuminate\\Database\\Connection.php(422): Illuminate\\Database\\Connection->run('select * from `...', Array, Object(Closure))
#12 C:\\Users\\HP\\Desktop\\Rashfa\\backend\\vendor\\laravel\\framework\\src\\Illuminate\\Database\\Query\\Builder.php(2706): Illuminate\\Database\\Connection->select('select * from `...', Array, true)
#13 C:\\Users\\HP\\Desktop\\Rashfa\\backend\\vendor\\laravel\\framework\\src\\Illuminate\\Database\\Query\\Builder.php(2694): Illuminate\\Database\\Query\\Builder->runSelect()
#14 C:\\Users\\HP\\Desktop\\Rashfa\\backend\\vendor\\laravel\\framework\\src\\Illuminate\\Database\\Query\\Builder.php(3230): Illuminate\\Database\\Query\\Builder->Illuminate\\Database\\Query\\{closure}()
#15 C:\\Users\\HP\\Desktop\\Rashfa\\backend\\vendor\\laravel\\framework\\src\\Illuminate\\Database\\Query\\Builder.php(2695): Illuminate\\Database\\Query\\Builder->onceWithColumns(Array, Object(Closure))
#16 C:\\Users\\HP\\Desktop\\Rashfa\\backend\\vendor\\laravel\\framework\\src\\Illuminate\\Database\\Eloquent\\Builder.php(710): Illuminate\\Database\\Query\\Builder->get(Array)
#17 C:\\Users\\HP\\Desktop\\Rashfa\\backend\\vendor\\laravel\\framework\\src\\Illuminate\\Database\\Eloquent\\Builder.php(694): Illuminate\\Database\\Eloquent\\Builder->getModels(Array)
#18 C:\\Users\\HP\\Desktop\\Rashfa\\backend\\vendor\\laravel\\framework\\src\\Illuminate\\Database\\Eloquent\\Model.php(674): Illuminate\\Database\\Eloquent\\Builder->get(Array)
#19 C:\\Users\\HP\\Desktop\\Rashfa\\backend\\app\\Http\\Controllers\\ProductController.php(17): Illuminate\\Database\\Eloquent\\Model::all()
#20 C:\\Users\\HP\\Desktop\\Rashfa\\backend\\vendor\\laravel\\framework\\src\\Illuminate\\Routing\\Controller.php(54): App\\Http\\Controllers\\ProductController->index()
#21 C:\\Users\\HP\\Desktop\\Rashfa\\backend\\vendor\\laravel\\framework\\src\\Illuminate\\Routing\\ControllerDispatcher.php(43): Illuminate\\Routing\\Controller->callAction('index', Array)
#22 C:\\Users\\HP\\Desktop\\Rashfa\\backend\\vendor\\laravel\\framework\\src\\Illuminate\\Routing\\Route.php(260): Illuminate\\Routing\\ControllerDispatcher->dispatch(Object(Illuminate\\Routing\\Route), Object(App\\Http\\Controllers\\ProductController), 'index')
#23 C:\\Users\\HP\\Desktop\\Rashfa\\backend\\vendor\\laravel\\framework\\src\\Illuminate\\Routing\\Route.php(205): Illuminate\\Routing\\Route->runController()
#24 C:\\Users\\HP\\Desktop\\Rashfa\\backend\\vendor\\laravel\\framework\\src\\Illuminate\\Routing\\Router.php(798): Illuminate\\Routing\\Route->run()
#25 C:\\Users\\HP\\Desktop\\Rashfa\\backend\\vendor\\laravel\\framework\\src\\Illuminate\\Pipeline\\Pipeline.php(141): Illuminate\\Routing\\Router->Illuminate\\Routing\\{closure}(Object(Illuminate\\Http\\Request))
#26 C:\\Users\\HP\\Desktop\\Rashfa\\backend\\vendor\\laravel\\framework\\src\\Illuminate\\Routing\\Middleware\\SubstituteBindings.php(50): Illuminate\\Pipeline\\Pipeline->Illuminate\\Pipeline\\{closure}(Object(Illuminate\\Http\\Request))
#27 C:\\Users\\HP\\Desktop\\Rashfa\\backend\\vendor\\laravel\\framework\\src\\Illuminate\\Pipeline\\Pipeline.php(180): Illuminate\\Routing\\Middleware\\SubstituteBindings->handle(Object(Illuminate\\Http\\Request), Object(Closure))
#28 C:\\Users\\HP\\Desktop\\Rashfa\\backend\\vendor\\laravel\\framework\\src\\Illuminate\\Routing\\Middleware\\ThrottleRequests.php(126): Illuminate\\Pipeline\\Pipeline->Illuminate\\Pipeline\\{closure}(Object(Illuminate\\Http\\Request))
#29 C:\\Users\\HP\\Desktop\\Rashfa\\backend\\vendor\\laravel\\framework\\src\\Illuminate\\Routing\\Middleware\\ThrottleRequests.php(102): Illuminate\\Routing\\Middleware\\ThrottleRequests->handleRequest(Object(Illuminate\\Http\\Request), Object(Closure), Array)
#30 C:\\Users\\HP\\Desktop\\Rashfa\\backend\\vendor\\laravel\\framework\\src\\Illuminate\\Routing\\Middleware\\ThrottleRequests.php(54): Illuminate\\Routing\\Middleware\\ThrottleRequests->handleRequestUsingNamedLimiter(Object(Illuminate\\Http\\Request), Object(Closure), 'api', Object(Closure))
#31 C:\\Users\\HP\\Desktop\\Rashfa\\backend\\vendor\\laravel\\framework\\src\\Illuminate\\Pipeline\\Pipeline.php(180): Illuminate\\Routing\\Middleware\\ThrottleRequests->handle(Object(Illuminate\\Http\\Request), Object(Closure), 'api')
#32 C:\\Users\\HP\\Desktop\\Rashfa\\backend\\vendor\\laravel\\framework\\src\\Illuminate\\Pipeline\\Pipeline.php(116): Illuminate\\Pipeline\\Pipeline->Illuminate\\Pipeline\\{closure}(Object(Illuminate\\Http\\Request))
#33 C:\\Users\\HP\\Desktop\\Rashfa\\backend\\vendor\\laravel\\framework\\src\\Illuminate\\Routing\\Router.php(799): Illuminate\\Pipeline\\Pipeline->then(Object(Closure))
#34 C:\\Users\\HP\\Desktop\\Rashfa\\backend\\vendor\\laravel\\framework\\src\\Illuminate\\Routing\\Router.php(776): Illuminate\\Routing\\Router->runRouteWithinStack(Object(Illuminate\\Routing\\Route), Object(Illuminate\\Http\\Request))
#35 C:\\Users\\HP\\Desktop\\Rashfa\\backend\\vendor\\laravel\\framework\\src\\Illuminate\\Routing\\Router.php(740): Illuminate\\Routing\\Router->runRoute(Object(Illuminate\\Http\\Request), Object(Illuminate\\Routing\\Route))
#36 C:\\Users\\HP\\Desktop\\Rashfa\\backend\\vendor\\laravel\\framework\\src\\Illuminate\\Routing\\Router.php(729): Illuminate\\Routing\\Router->dispatchToRoute(Object(Illuminate\\Http\\Request))
#37 C:\\Users\\HP\\Desktop\\Rashfa\\backend\\vendor\\laravel\\framework\\src\\Illuminate\\Foundation\\Http\\Kernel.php(190): Illuminate\\Routing\\Router->dispatch(Object(Illuminate\\Http\\Request))
#38 C:\\Users\\HP\\Desktop\\Rashfa\\backend\\vendor\\laravel\\framework\\src\\Illuminate\\Pipeline\\Pipeline.php(141): Illuminate\\Foundation\\Http\\Kernel->Illuminate\\Foundation\\Http\\{closure}(Object(Illuminate\\Http\\Request))
#39 C:\\Users\\HP\\Desktop\\Rashfa\\backend\\vendor\\laravel\\framework\\src\\Illuminate\\Foundation\\Http\\Middleware\\TransformsRequest.php(21): Illuminate\\Pipeline\\Pipeline->Illuminate\\Pipeline\\{closure}(Object(Illuminate\\Http\\Request))
#40 C:\\Users\\HP\\Desktop\\Rashfa\\backend\\vendor\\laravel\\framework\\src\\Illuminate\\Foundation\\Http\\Middleware\\ConvertEmptyStringsToNull.php(31): Illuminate\\Foundation\\Http\\Middleware\\TransformsRequest->handle(Object(Illuminate\\Http\\Request), Object(Closure))
#41 C:\\Users\\HP\\Desktop\\Rashfa\\backend\\vendor\\laravel\\framework\\src\\Illuminate\\Pipeline\\Pipeline.php(180): Illuminate\\Foundation\\Http\\Middleware\\ConvertEmptyStringsToNull->handle(Object(Illuminate\\Http\\Request), Object(Closure))
#42 C:\\Users\\HP\\Desktop\\Rashfa\\backend\\vendor\\laravel\\framework\\src\\Illuminate\\Foundation\\Http\\Middleware\\TransformsRequest.php(21): Illuminate\\Pipeline\\Pipeline->Illuminate\\Pipeline\\{closure}(Object(Illuminate\\Http\\Request))
#43 C:\\Users\\HP\\Desktop\\Rashfa\\backend\\vendor\\laravel\\framework\\src\\Illuminate\\Foundation\\Http\\Middleware\\TrimStrings.php(40): Illuminate\\Foundation\\Http\\Middleware\\TransformsRequest->handle(Object(Illuminate\\Http\\Request), Object(Closure))
#44 C:\\Users\\HP\\Desktop\\Rashfa\\backend\\vendor\\laravel\\framework\\src\\Illuminate\\Pipeline\\Pipeline.php(180): Illuminate\\Foundation\\Http\\Middleware\\TrimStrings->handle(Object(Illuminate\\Http\\Request), Object(Closure))
#45 C:\\Users\\HP\\Desktop\\Rashfa\\backend\\vendor\\laravel\\framework\\src\\Illuminate\\Foundation\\Http\\Middleware\\ValidatePostSize.php(27): Illuminate\\Pipeline\\Pipeline->Illuminate\\Pipeline\\{closure}(Object(Illuminate\\Http\\Request))
#46 C:\\Users\\HP\\Desktop\\Rashfa\\backend\\vendor\\laravel\\framework\\src\\Illuminate\\Pipeline\\Pipeline.php(180): Illuminate\\Foundation\\Http\\Middleware\\ValidatePostSize->handle(Object(Illuminate\\Http\\Request), Object(Closure))
#47 C:\\Users\\HP\\Desktop\\Rashfa\\backend\\vendor\\laravel\\framework\\src\\Illuminate\\Foundation\\Http\\Middleware\\PreventRequestsDuringMaintenance.php(86): Illuminate\\Pipeline\\Pipeline->Illuminate\\Pipeline\\{closure}(Object(Illuminate\\Http\\Request))
#48 C:\\Users\\HP\\Desktop\\Rashfa\\backend\\vendor\\laravel\\framework\\src\\Illuminate\\Pipeline\\Pipeline.php(180): Illuminate\\Foundation\\Http\\Middleware\\PreventRequestsDuringMaintenance->handle(Object(Illuminate\\Http\\Request), Object(Closure))
#49 C:\\Users\\HP\\Desktop\\Rashfa\\backend\\vendor\\laravel\\framework\\src\\Illuminate\\Http\\Middleware\\HandleCors.php(62): Illuminate\\Pipeline\\Pipeline->Illuminate\\Pipeline\\{closure}(Object(Illuminate\\Http\\Request))
#50 C:\\Users\\HP\\Desktop\\Rashfa\\backend\\vendor\\laravel\\framework\\src\\Illuminate\\Pipeline\\Pipeline.php(180): Illuminate\\Http\\Middleware\\HandleCors->handle(Object(Illuminate\\Http\\Request), Object(Closure))
#51 C:\\Users\\HP\\Desktop\\Rashfa\\backend\\vendor\\laravel\\framework\\src\\Illuminate\\Http\\Middleware\\TrustProxies.php(39): Illuminate\\Pipeline\\Pipeline->Illuminate\\Pipeline\\{closure}(Object(Illuminate\\Http\\Request))
#52 C:\\Users\\HP\\Desktop\\Rashfa\\backend\\vendor\\laravel\\framework\\src\\Illuminate\\Pipeline\\Pipeline.php(180): Illuminate\\Http\\Middleware\\TrustProxies->handle(Object(Illuminate\\Http\\Request), Object(Closure))
#53 C:\\Users\\HP\\Desktop\\Rashfa\\backend\\vendor\\laravel\\framework\\src\\Illuminate\\Pipeline\\Pipeline.php(116): Illuminate\\Pipeline\\Pipeline->Illuminate\\Pipeline\\{closure}(Object(Illuminate\\Http\\Request))
#54 C:\\Users\\HP\\Desktop\\Rashfa\\backend\\vendor\\laravel\\framework\\src\\Illuminate\\Foundation\\Http\\Kernel.php(165): Illuminate\\Pipeline\\Pipeline->then(Object(Closure))
#55 C:\\Users\\HP\\Desktop\\Rashfa\\backend\\vendor\\laravel\\framework\\src\\Illuminate\\Foundation\\Http\\Kernel.php(134): Illuminate\\Foundation\\Http\\Kernel->sendRequestThroughRouter(Object(Illuminate\\Http\\Request))
#56 C:\\Users\\HP\\Desktop\\Rashfa\\backend\\public\\index.php(52): Illuminate\\Foundation\\Http\\Kernel->handle(Object(Illuminate\\Http\\Request))
#57 C:\\Users\\HP\\Desktop\\Rashfa\\backend\\vendor\\laravel\\framework\\src\\Illuminate\\Foundation\\resources\\server.php(16): require_once('C:\\\\Users\\\\HP\\\\Des...')
#58 {main}

[previous exception] [object] (PDOException(code: 0): PDO::__construct(): php_network_getaddresses: getaddrinfo failed: H�te inconnu.  at C:\\Users\\HP\\Desktop\\Rashfa\\backend\\vendor\\laravel\\framework\\src\\Illuminate\\Database\\Connectors\\Connector.php:70)
[stacktrace]
#0 C:\\Users\\HP\\Desktop\\Rashfa\\backend\\vendor\\laravel\\framework\\src\\Illuminate\\Database\\Connectors\\Connector.php(70): PDO->__construct('mysql:host=sql2...', 'if0_41084923', 'w1nFkquQtObQXLm', Array)
#1 C:\\Users\\HP\\Desktop\\Rashfa\\backend\\vendor\\laravel\\framework\\src\\Illuminate\\Database\\Connectors\\Connector.php(46): Illuminate\\Database\\Connectors\\Connector->createPdoConnection('mysql:host=sql2...', 'if0_41084923', 'w1nFkquQtObQXLm', Array)
#2 C:\\Users\\HP\\Desktop\\Rashfa\\backend\\vendor\\laravel\\framework\\src\\Illuminate\\Database\\Connectors\\MySqlConnector.php(24): Illuminate\\Database\\Connectors\\Connector->createConnection('mysql:host=sql2...', Array, Array)
#3 C:\\Users\\HP\\Desktop\\Rashfa\\backend\\vendor\\laravel\\framework\\src\\Illuminate\\Database\\Connectors\\ConnectionFactory.php(184): Illuminate\\Database\\Connectors\\MySqlConnector->connect(Array)
#4 [internal function]: Illuminate\\Database\\Connectors\\ConnectionFactory->Illuminate\\Database\\Connectors\\{closure}()
#5 C:\\Users\\HP\\Desktop\\Rashfa\\backend\\vendor\\laravel\\framework\\src\\Illuminate\\Database\\Connection.php(1181): call_user_func(Object(Closure))
#6 C:\\Users\\HP\\Desktop\\Rashfa\\backend\\vendor\\laravel\\framework\\src\\Illuminate\\Database\\Connection.php(1217): Illuminate\\Database\\Connection->getPdo()
#7 C:\\Users\\HP\\Desktop\\Rashfa\\backend\\vendor\\laravel\\framework\\src\\Illuminate\\Database\\Connection.php(486): Illuminate\\Database\\Connection->getReadPdo()
#8 C:\\Users\\HP\\Desktop\\Rashfa\\backend\\vendor\\laravel\\framework\\src\\Illuminate\\Database\\Connection.php(414): Illuminate\\Database\\Connection->getPdoForSelect(true)
#9 C:\\Users\\HP\\Desktop\\Rashfa\\backend\\vendor\\laravel\\framework\\src\\Illuminate\\Database\\Connection.php(753): Illuminate\\Database\\Connection->Illuminate\\Database\\{closure}('select * from `...', Array)
#10 C:\\Users\\HP\\Desktop\\Rashfa\\backend\\vendor\\laravel\\framework\\src\\Illuminate\\Database\\Connection.php(720): Illuminate\\Database\\Connection->runQueryCallback('select * from `...', Array, Object(Closure))
#11 C:\\Users\\HP\\Desktop\\Rashfa\\backend\\vendor\\laravel\\framework\\src\\Illuminate\\Database\\Connection.php(422): Illuminate\\Database\\Connection->run('select * from `...', Array, Object(Closure))
#12 C:\\Users\\HP\\Desktop\\Rashfa\\backend\\vendor\\laravel\\framework\\src\\Illuminate\\Database\\Query\\Builder.php(2706): Illuminate\\Database\\Connection->select('select * from `...', Array, true)
#13 C:\\Users\\HP\\Desktop\\Rashfa\\backend\\vendor\\laravel\\framework\\src\\Illuminate\\Database\\Query\\Builder.php(2694): Illuminate\\Database\\Query\\Builder->runSelect()
#14 C:\\Users\\HP\\Desktop\\Rashfa\\backend\\vendor\\laravel\\framework\\src\\Illuminate\\Database\\Query\\Builder.php(3230): Illuminate\\Database\\Query\\Builder->Illuminate\\Database\\Query\\{closure}()
#15 C:\\Users\\HP\\Desktop\\Rashfa\\backend\\vendor\\laravel\\framework\\src\\Illuminate\\Database\\Query\\Builder.php(2695): Illuminate\\Database\\Query\\Builder->onceWithColumns(Array, Object(Closure))
#16 C:\\Users\\HP\\Desktop\\Rashfa\\backend\\vendor\\laravel\\framework\\src\\Illuminate\\Database\\Eloquent\\Builder.php(710): Illuminate\\Database\\Query\\Builder->get(Array)
#17 C:\\Users\\HP\\Desktop\\Rashfa\\backend\\vendor\\laravel\\framework\\src\\Illuminate\\Database\\Eloquent\\Builder.php(694): Illuminate\\Database\\Eloquent\\Builder->getModels(Array)
#18 C:\\Users\\HP\\Desktop\\Rashfa\\backend\\vendor\\laravel\\framework\\src\\Illuminate\\Database\\Eloquent\\Model.php(674): Illuminate\\Database\\Eloquent\\Builder->get(Array)
#19 C:\\Users\\HP\\Desktop\\Rashfa\\backend\\app\\Http\\Controllers\\ProductController.php(17): Illuminate\\Database\\Eloquent\\Model::all()
#20 C:\\Users\\HP\\Desktop\\Rashfa\\backend\\vendor\\laravel\\framework\\src\\Illuminate\\Routing\\Controller.php(54): App\\Http\\Controllers\\ProductController->index()
#21 C:\\Users\\HP\\Desktop\\Rashfa\\backend\\vendor\\laravel\\framework\\src\\Illuminate\\Routing\\ControllerDispatcher.php(43): Illuminate\\Routing\\Controller->callAction('index', Array)
#22 C:\\Users\\HP\\Desktop\\Rashfa\\backend\\vendor\\laravel\\framework\\src\\Illuminate\\Routing\\Route.php(260): Illuminate\\Routing\\ControllerDispatcher->dispatch(Object(Illuminate\\Routing\\Route), Object(App\\Http\\Controllers\\ProductController), 'index')
#23 C:\\Users\\HP\\Desktop\\Rashfa\\backend\\vendor\\laravel\\framework\\src\\Illuminate\\Routing\\Route.php(205): Illuminate\\Routing\\Route->runController()
#24 C:\\Users\\HP\\Desktop\\Rashfa\\backend\\vendor\\laravel\\framework\\src\\Illuminate\\Routing\\Router.php(798): Illuminate\\Routing\\Route->run()
#25 C:\\Users\\HP\\Desktop\\Rashfa\\backend\\vendor\\laravel\\framework\\src\\Illuminate\\Pipeline\\Pipeline.php(141): Illuminate\\Routing\\Router->Illuminate\\Routing\\{closure}(Object(Illuminate\\Http\\Request))
#26 C:\\Users\\HP\\Desktop\\Rashfa\\backend\\vendor\\laravel\\framework\\src\\Illuminate\\Routing\\Middleware\\SubstituteBindings.php(50): Illuminate\\Pipeline\\Pipeline->Illuminate\\Pipeline\\{closure}(Object(Illuminate\\Http\\Request))
#27 C:\\Users\\HP\\Desktop\\Rashfa\\backend\\vendor\\laravel\\framework\\src\\Illuminate\\Pipeline\\Pipeline.php(180): Illuminate\\Routing\\Middleware\\SubstituteBindings->handle(Object(Illuminate\\Http\\Request), Object(Closure))
#28 C:\\Users\\HP\\Desktop\\Rashfa\\backend\\vendor\\laravel\\framework\\src\\Illuminate\\Routing\\Middleware\\ThrottleRequests.php(126): Illuminate\\Pipeline\\Pipeline->Illuminate\\Pipeline\\{closure}(Object(Illuminate\\Http\\Request))
#29 C:\\Users\\HP\\Desktop\\Rashfa\\backend\\vendor\\laravel\\framework\\src\\Illuminate\\Routing\\Middleware\\ThrottleRequests.php(102): Illuminate\\Routing\\Middleware\\ThrottleRequests->handleRequest(Object(Illuminate\\Http\\Request), Object(Closure), Array)
#30 C:\\Users\\HP\\Desktop\\Rashfa\\backend\\vendor\\laravel\\framework\\src\\Illuminate\\Routing\\Middleware\\ThrottleRequests.php(54): Illuminate\\Routing\\Middleware\\ThrottleRequests->handleRequestUsingNamedLimiter(Object(Illuminate\\Http\\Request), Object(Closure), 'api', Object(Closure))
#31 C:\\Users\\HP\\Desktop\\Rashfa\\backend\\vendor\\laravel\\framework\\src\\Illuminate\\Pipeline\\Pipeline.php(180): Illuminate\\Routing\\Middleware\\ThrottleRequests->handle(Object(Illuminate\\Http\\Request), Object(Closure), 'api')
#32 C:\\Users\\HP\\Desktop\\Rashfa\\backend\\vendor\\laravel\\framework\\src\\Illuminate\\Pipeline\\Pipeline.php(116): Illuminate\\Pipeline\\Pipeline->Illuminate\\Pipeline\\{closure}(Object(Illuminate\\Http\\Request))
#33 C:\\Users\\HP\\Desktop\\Rashfa\\backend\\vendor\\laravel\\framework\\src\\Illuminate\\Routing\\Router.php(799): Illuminate\\Pipeline\\Pipeline->then(Object(Closure))
#34 C:\\Users\\HP\\Desktop\\Rashfa\\backend\\vendor\\laravel\\framework\\src\\Illuminate\\Routing\\Router.php(776): Illuminate\\Routing\\Router->runRouteWithinStack(Object(Illuminate\\Routing\\Route), Object(Illuminate\\Http\\Request))
#35 C:\\Users\\HP\\Desktop\\Rashfa\\backend\\vendor\\laravel\\framework\\src\\Illuminate\\Routing\\Router.php(740): Illuminate\\Routing\\Router->runRoute(Object(Illuminate\\Http\\Request), Object(Illuminate\\Routing\\Route))
#36 C:\\Users\\HP\\Desktop\\Rashfa\\backend\\vendor\\laravel\\framework\\src\\Illuminate\\Routing\\Router.php(729): Illuminate\\Routing\\Router->dispatchToRoute(Object(Illuminate\\Http\\Request))
#37 C:\\Users\\HP\\Desktop\\Rashfa\\backend\\vendor\\laravel\\framework\\src\\Illuminate\\Foundation\\Http\\Kernel.php(190): Illuminate\\Routing\\Router->dispatch(Object(Illuminate\\Http\\Request))
#38 C:\\Users\\HP\\Desktop\\Rashfa\\backend\\vendor\\laravel\\framework\\src\\Illuminate\\Pipeline\\Pipeline.php(141): Illuminate\\Foundation\\Http\\Kernel->Illuminate\\Foundation\\Http\\{closure}(Object(Illuminate\\Http\\Request))
#39 C:\\Users\\HP\\Desktop\\Rashfa\\backend\\vendor\\laravel\\framework\\src\\Illuminate\\Foundation\\Http\\Middleware\\TransformsRequest.php(21): Illuminate\\Pipeline\\Pipeline->Illuminate\\Pipeline\\{closure}(Object(Illuminate\\Http\\Request))
#40 C:\\Users\\HP\\Desktop\\Rashfa\\backend\\vendor\\laravel\\framework\\src\\Illuminate\\Foundation\\Http\\Middleware\\ConvertEmptyStringsToNull.php(31): Illuminate\\Foundation\\Http\\Middleware\\TransformsRequest->handle(Object(Illuminate\\Http\\Request), Object(Closure))
#41 C:\\Users\\HP\\Desktop\\Rashfa\\backend\\vendor\\laravel\\framework\\src\\Illuminate\\Pipeline\\Pipeline.php(180): Illuminate\\Foundation\\Http\\Middleware\\ConvertEmptyStringsToNull->handle(Object(Illuminate\\Http\\Request), Object(Closure))
#42 C:\\Users\\HP\\Desktop\\Rashfa\\backend\\vendor\\laravel\\framework\\src\\Illuminate\\Foundation\\Http\\Middleware\\TransformsRequest.php(21): Illuminate\\Pipeline\\Pipeline->Illuminate\\Pipeline\\{closure}(Object(Illuminate\\Http\\Request))
#43 C:\\Users\\HP\\Desktop\\Rashfa\\backend\\vendor\\laravel\\framework\\src\\Illuminate\\Foundation\\Http\\Middleware\\TrimStrings.php(40): Illuminate\\Foundation\\Http\\Middleware\\TransformsRequest->handle(Object(Illuminate\\Http\\Request), Object(Closure))
#44 C:\\Users\\HP\\Desktop\\Rashfa\\backend\\vendor\\laravel\\framework\\src\\Illuminate\\Pipeline\\Pipeline.php(180): Illuminate\\Foundation\\Http\\Middleware\\TrimStrings->handle(Object(Illuminate\\Http\\Request), Object(Closure))
#45 C:\\Users\\HP\\Desktop\\Rashfa\\backend\\vendor\\laravel\\framework\\src\\Illuminate\\Foundation\\Http\\Middleware\\ValidatePostSize.php(27): Illuminate\\Pipeline\\Pipeline->Illuminate\\Pipeline\\{closure}(Object(Illuminate\\Http\\Request))
#46 C:\\Users\\HP\\Desktop\\Rashfa\\backend\\vendor\\laravel\\framework\\src\\Illuminate\\Pipeline\\Pipeline.php(180): Illuminate\\Foundation\\Http\\Middleware\\ValidatePostSize->handle(Object(Illuminate\\Http\\Request), Object(Closure))
#47 C:\\Users\\HP\\Desktop\\Rashfa\\backend\\vendor\\laravel\\framework\\src\\Illuminate\\Foundation\\Http\\Middleware\\PreventRequestsDuringMaintenance.php(86): Illuminate\\Pipeline\\Pipeline->Illuminate\\Pipeline\\{closure}(Object(Illuminate\\Http\\Request))
#48 C:\\Users\\HP\\Desktop\\Rashfa\\backend\\vendor\\laravel\\framework\\src\\Illuminate\\Pipeline\\Pipeline.php(180): Illuminate\\Foundation\\Http\\Middleware\\PreventRequestsDuringMaintenance->handle(Object(Illuminate\\Http\\Request), Object(Closure))
#49 C:\\Users\\HP\\Desktop\\Rashfa\\backend\\vendor\\laravel\\framework\\src\\Illuminate\\Http\\Middleware\\HandleCors.php(62): Illuminate\\Pipeline\\Pipeline->Illuminate\\Pipeline\\{closure}(Object(Illuminate\\Http\\Request))
#50 C:\\Users\\HP\\Desktop\\Rashfa\\backend\\vendor\\laravel\\framework\\src\\Illuminate\\Pipeline\\Pipeline.php(180): Illuminate\\Http\\Middleware\\HandleCors->handle(Object(Illuminate\\Http\\Request), Object(Closure))
#51 C:\\Users\\HP\\Desktop\\Rashfa\\backend\\vendor\\laravel\\framework\\src\\Illuminate\\Http\\Middleware\\TrustProxies.php(39): Illuminate\\Pipeline\\Pipeline->Illuminate\\Pipeline\\{closure}(Object(Illuminate\\Http\\Request))
#52 C:\\Users\\HP\\Desktop\\Rashfa\\backend\\vendor\\laravel\\framework\\src\\Illuminate\\Pipeline\\Pipeline.php(180): Illuminate\\Http\\Middleware\\TrustProxies->handle(Object(Illuminate\\Http\\Request), Object(Closure))
#53 C:\\Users\\HP\\Desktop\\Rashfa\\backend\\vendor\\laravel\\framework\\src\\Illuminate\\Pipeline\\Pipeline.php(116): Illuminate\\Pipeline\\Pipeline->Illuminate\\Pipeline\\{closure}(Object(Illuminate\\Http\\Request))
#54 C:\\Users\\HP\\Desktop\\Rashfa\\backend\\vendor\\laravel\\framework\\src\\Illuminate\\Foundation\\Http\\Kernel.php(165): Illuminate\\Pipeline\\Pipeline->then(Object(Closure))
#55 C:\\Users\\HP\\Desktop\\Rashfa\\backend\\vendor\\laravel\\framework\\src\\Illuminate\\Foundation\\Http\\Kernel.php(134): Illuminate\\Foundation\\Http\\Kernel->sendRequestThroughRouter(Object(Illuminate\\Http\\Request))
#56 C:\\Users\\HP\\Desktop\\Rashfa\\backend\\public\\index.php(52): Illuminate\\Foundation\\Http\\Kernel->handle(Object(Illuminate\\Http\\Request))
#57 C:\\Users\\HP\\Desktop\\Rashfa\\backend\\vendor\\laravel\\framework\\src\\Illuminate\\Foundation\\resources\\server.php(16): require_once('C:\\\\Users\\\\HP\\\\Des...')
#58 {main}
"} 
[2026-02-05 22:10:45] local.ERROR: SQLSTATE[HY000]: General error: 1 table products has no column named description (SQL: insert into "products" ("name", "category", "price", "description", "stock_quantity", "updated_at", "created_at") values (ESPRESSO, COFFEE, 15, Intense and aromatic single shot, 100, 2026-02-05 22:10:45, 2026-02-05 22:10:45)) {"exception":"[object] (Illuminate\\Database\\QueryException(code: HY000): SQLSTATE[HY000]: General error: 1 table products has no column named description (SQL: insert into \"products\" (\"name\", \"category\", \"price\", \"description\", \"stock_quantity\", \"updated_at\", \"created_at\") values (ESPRESSO, COFFEE, 15, Intense and aromatic single shot, 100, 2026-02-05 22:10:45, 2026-02-05 22:10:45)) at C:\\Users\\HP\\Desktop\\Rashfa\\backend\\vendor\\laravel\\framework\\src\\Illuminate\\Database\\Connection.php:760)
[stacktrace]
#0 C:\\Users\\HP\\Desktop\\Rashfa\\backend\\vendor\\laravel\\framework\\src\\Illuminate\\Database\\Connection.php(720): Illuminate\\Database\\Connection->runQueryCallback('insert into \"pr...', Array, Object(Closure))
#1 C:\\Users\\HP\\Desktop\\Rashfa\\backend\\vendor\\laravel\\framework\\src\\Illuminate\\Database\\Connection.php(546): Illuminate\\Database\\Connection->run('insert into \"pr...', Array, Object(Closure))
#2 C:\\Users\\HP\\Desktop\\Rashfa\\backend\\vendor\\laravel\\framework\\src\\Illuminate\\Database\\Connection.php(498): Illuminate\\Database\\Connection->statement('insert into \"pr...', Array)
#3 C:\\Users\\HP\\Desktop\\Rashfa\\backend\\vendor\\laravel\\framework\\src\\Illuminate\\Database\\Query\\Processors\\Processor.php(32): Illuminate\\Database\\Connection->insert('insert into \"pr...', Array)
#4 C:\\Users\\HP\\Desktop\\Rashfa\\backend\\vendor\\laravel\\framework\\src\\Illuminate\\Database\\Query\\Builder.php(3322): Illuminate\\Database\\Query\\Processors\\Processor->processInsertGetId(Object(Illuminate\\Database\\Query\\Builder), 'insert into \"pr...', Array, 'id')
#5 C:\\Users\\HP\\Desktop\\Rashfa\\backend\\vendor\\laravel\\framework\\src\\Illuminate\\Database\\Eloquent\\Builder.php(1869): Illuminate\\Database\\Query\\Builder->insertGetId(Array, 'id')
#6 C:\\Users\\HP\\Desktop\\Rashfa\\backend\\vendor\\laravel\\framework\\src\\Illuminate\\Database\\Eloquent\\Model.php(1330): Illuminate\\Database\\Eloquent\\Builder->__call('insertGetId', Array)
#7 C:\\Users\\HP\\Desktop\\Rashfa\\backend\\vendor\\laravel\\framework\\src\\Illuminate\\Database\\Eloquent\\Model.php(1295): Illuminate\\Database\\Eloquent\\Model->insertAndSetId(Object(Illuminate\\Database\\Eloquent\\Builder), Array)
#8 C:\\Users\\HP\\Desktop\\Rashfa\\backend\\vendor\\laravel\\framework\\src\\Illuminate\\Database\\Eloquent\\Model.php(1138): Illuminate\\Database\\Eloquent\\Model->performInsert(Object(Illuminate\\Database\\Eloquent\\Builder))
#9 C:\\Users\\HP\\Desktop\\Rashfa\\backend\\vendor\\laravel\\framework\\src\\Illuminate\\Database\\Eloquent\\Builder.php(580): Illuminate\\Database\\Eloquent\\Model->save()
#10 C:\\Users\\HP\\Desktop\\Rashfa\\backend\\vendor\\laravel\\framework\\src\\Illuminate\\Support\\helpers.php(319): Illuminate\\Database\\Eloquent\\Builder->Illuminate\\Database\\Eloquent\\{closure}(Object(App\\Models\\Product))
#11 C:\\Users\\HP\\Desktop\\Rashfa\\backend\\vendor\\laravel\\framework\\src\\Illuminate\\Database\\Eloquent\\Builder.php(581): tap(Object(App\\Models\\Product), Object(Closure))
#12 C:\\Users\\HP\\Desktop\\Rashfa\\backend\\vendor\\laravel\\framework\\src\\Illuminate\\Support\\Traits\\ForwardsCalls.php(23): Illuminate\\Database\\Eloquent\\Builder->updateOrCreate(Array, Array)
#13 C:\\Users\\HP\\Desktop\\Rashfa\\backend\\vendor\\laravel\\framework\\src\\Illuminate\\Database\\Eloquent\\Model.php(2330): Illuminate\\Database\\Eloquent\\Model->forwardCallTo(Object(Illuminate\\Database\\Eloquent\\Builder), 'updateOrCreate', Array)
#14 C:\\Users\\HP\\Desktop\\Rashfa\\backend\\vendor\\laravel\\framework\\src\\Illuminate\\Database\\Eloquent\\Model.php(2342): Illuminate\\Database\\Eloquent\\Model->__call('updateOrCreate', Array)
#15 C:\\Users\\HP\\Desktop\\Rashfa\\backend\\database\\seeders\\ProductSeeder.php(39): Illuminate\\Database\\Eloquent\\Model::__callStatic('updateOrCreate', Array)
#16 C:\\Users\\HP\\Desktop\\Rashfa\\backend\\vendor\\laravel\\framework\\src\\Illuminate\\Container\\BoundMethod.php(36): Database\\Seeders\\ProductSeeder->run()
#17 C:\\Users\\HP\\Desktop\\Rashfa\\backend\\vendor\\laravel\\framework\\src\\Illuminate\\Container\\Util.php(41): Illuminate\\Container\\BoundMethod::Illuminate\\Container\\{closure}()
#18 C:\\Users\\HP\\Desktop\\Rashfa\\backend\\vendor\\laravel\\framework\\src\\Illuminate\\Container\\BoundMethod.php(93): Illuminate\\Container\\Util::unwrapIfClosure(Object(Closure))
#19 C:\\Users\\HP\\Desktop\\Rashfa\\backend\\vendor\\laravel\\framework\\src\\Illuminate\\Container\\BoundMethod.php(37): Illuminate\\Container\\BoundMethod::callBoundMethod(Object(Illuminate\\Foundation\\Application), Array, Object(Closure))
#20 C:\\Users\\HP\\Desktop\\Rashfa\\backend\\vendor\\laravel\\framework\\src\\Illuminate\\Container\\Container.php(661): Illuminate\\Container\\BoundMethod::call(Object(Illuminate\\Foundation\\Application), Array, Array, NULL)
#21 C:\\Users\\HP\\Desktop\\Rashfa\\backend\\vendor\\laravel\\framework\\src\\Illuminate\\Database\\Seeder.php(184): Illuminate\\Container\\Container->call(Array, Array)
#22 C:\\Users\\HP\\Desktop\\Rashfa\\backend\\vendor\\laravel\\framework\\src\\Illuminate\\Database\\Seeder.php(193): Illuminate\\Database\\Seeder->Illuminate\\Database\\{closure}()
#23 C:\\Users\\HP\\Desktop\\Rashfa\\backend\\vendor\\laravel\\framework\\src\\Illuminate\\Database\\Seeder.php(61): Illuminate\\Database\\Seeder->__invoke(Array)
#24 C:\\Users\\HP\\Desktop\\Rashfa\\backend\\database\\seeders\\DatabaseSeeder.php(18): Illuminate\\Database\\Seeder->call('Database\\\\Seeder...')
#25 C:\\Users\\HP\\Desktop\\Rashfa\\backend\\vendor\\laravel\\framework\\src\\Illuminate\\Container\\BoundMethod.php(36): Database\\Seeders\\DatabaseSeeder->run()
#26 C:\\Users\\HP\\Desktop\\Rashfa\\backend\\vendor\\laravel\\framework\\src\\Illuminate\\Container\\Util.php(41): Illuminate\\Container\\BoundMethod::Illuminate\\Container\\{closure}()
#27 C:\\Users\\HP\\Desktop\\Rashfa\\backend\\vendor\\laravel\\framework\\src\\Illuminate\\Container\\BoundMethod.php(93): Illuminate\\Container\\Util::unwrapIfClosure(Object(Closure))
#28 C:\\Users\\HP\\Desktop\\Rashfa\\backend\\vendor\\laravel\\framework\\src\\Illuminate\\Container\\BoundMethod.php(37): Illuminate\\Container\\BoundMethod::callBoundMethod(Object(Illuminate\\Foundation\\Application), Array, Object(Closure))
#29 C:\\Users\\HP\\Desktop\\Rashfa\\backend\\vendor\\laravel\\framework\\src\\Illuminate\\Container\\Container.php(661): Illuminate\\Container\\BoundMethod::call(Object(Illuminate\\Foundation\\Application), Array, Array, NULL)
#30 C:\\Users\\HP\\Desktop\\Rashfa\\backend\\vendor\\laravel\\framework\\src\\Illuminate\\Database\\Seeder.php(184): Illuminate\\Container\\Container->call(Array, Array)
#31 C:\\Users\\HP\\Desktop\\Rashfa\\backend\\vendor\\laravel\\framework\\src\\Illuminate\\Database\\Seeder.php(193): Illuminate\\Database\\Seeder->Illuminate\\Database\\{closure}()
#32 C:\\Users\\HP\\Desktop\\Rashfa\\backend\\vendor\\laravel\\framework\\src\\Illuminate\\Database\\Console\\Seeds\\SeedCommand.php(81): Illuminate\\Database\\Seeder->__invoke()
#33 C:\\Users\\HP\\Desktop\\Rashfa\\backend\\vendor\\laravel\\framework\\src\\Illuminate\\Database\\Eloquent\\Concerns\\GuardsAttributes.php(155): Illuminate\\Database\\Console\\Seeds\\SeedCommand->Illuminate\\Database\\Console\\Seeds\\{closure}()
#34 C:\\Users\\HP\\Desktop\\Rashfa\\backend\\vendor\\laravel\\framework\\src\\Illuminate\\Database\\Console\\Seeds\\SeedCommand.php(82): Illuminate\\Database\\Eloquent\\Model::unguarded(Object(Closure))
#35 C:\\Users\\HP\\Desktop\\Rashfa\\backend\\vendor\\laravel\\framework\\src\\Illuminate\\Container\\BoundMethod.php(36): Illuminate\\Database\\Console\\Seeds\\SeedCommand->handle()
#36 C:\\Users\\HP\\Desktop\\Rashfa\\backend\\vendor\\laravel\\framework\\src\\Illuminate\\Container\\Util.php(41): Illuminate\\Container\\BoundMethod::Illuminate\\Container\\{closure}()
#37 C:\\Users\\HP\\Desktop\\Rashfa\\backend\\vendor\\laravel\\framework\\src\\Illuminate\\Container\\BoundMethod.php(93): Illuminate\\Container\\Util::unwrapIfClosure(Object(Closure))
#38 C:\\Users\\HP\\Desktop\\Rashfa\\backend\\vendor\\laravel\\framework\\src\\Illuminate\\Container\\BoundMethod.php(37): Illuminate\\Container\\BoundMethod::callBoundMethod(Object(Illuminate\\Foundation\\Application), Array, Object(Closure))
#39 C:\\Users\\HP\\Desktop\\Rashfa\\backend\\vendor\\laravel\\framework\\src\\Illuminate\\Container\\Container.php(661): Illuminate\\Container\\BoundMethod::call(Object(Illuminate\\Foundation\\Application), Array, Array, NULL)
#40 C:\\Users\\HP\\Desktop\\Rashfa\\backend\\vendor\\laravel\\framework\\src\\Illuminate\\Console\\Command.php(183): Illuminate\\Container\\Container->call(Array)
#41 C:\\Users\\HP\\Desktop\\Rashfa\\backend\\vendor\\symfony\\console\\Command\\Command.php(291): Illuminate\\Console\\Command->execute(Object(Symfony\\Component\\Console\\Input\\ArgvInput), Object(Illuminate\\Console\\OutputStyle))
#42 C:\\Users\\HP\\Desktop\\Rashfa\\backend\\vendor\\laravel\\framework\\src\\Illuminate\\Console\\Command.php(153): Symfony\\Component\\Console\\Command\\Command->run(Object(Symfony\\Component\\Console\\Input\\ArgvInput), Object(Illuminate\\Console\\OutputStyle))
#43 C:\\Users\\HP\\Desktop\\Rashfa\\backend\\vendor\\symfony\\console\\Application.php(1014): Illuminate\\Console\\Command->run(Object(Symfony\\Component\\Console\\Input\\ArgvInput), Object(Symfony\\Component\\Console\\Output\\ConsoleOutput))
#44 C:\\Users\\HP\\Desktop\\Rashfa\\backend\\vendor\\symfony\\console\\Application.php(301): Symfony\\Component\\Console\\Application->doRunCommand(Object(Illuminate\\Database\\Console\\Seeds\\SeedCommand), Object(Symfony\\Component\\Console\\Input\\ArgvInput), Object(Symfony\\Component\\Console\\Output\\ConsoleOutput))
#45 C:\\Users\\HP\\Desktop\\Rashfa\\backend\\vendor\\symfony\\console\\Application.php(171): Symfony\\Component\\Console\\Application->doRun(Object(Symfony\\Component\\Console\\Input\\ArgvInput), Object(Symfony\\Component\\Console\\Output\\ConsoleOutput))
#46 C:\\Users\\HP\\Desktop\\Rashfa\\backend\\vendor\\laravel\\framework\\src\\Illuminate\\Console\\Application.php(102): Symfony\\Component\\Console\\Application->run(Object(Symfony\\Component\\Console\\Input\\ArgvInput), Object(Symfony\\Component\\Console\\Output\\ConsoleOutput))
#47 C:\\Users\\HP\\Desktop\\Rashfa\\backend\\vendor\\laravel\\framework\\src\\Illuminate\\Foundation\\Console\\Kernel.php(155): Illuminate\\Console\\Application->run(Object(Symfony\\Component\\Console\\Input\\ArgvInput), Object(Symfony\\Component\\Console\\Output\\ConsoleOutput))
#48 C:\\Users\\HP\\Desktop\\Rashfa\\backend\\artisan(37): Illuminate\\Foundation\\Console\\Kernel->handle(Object(Symfony\\Component\\Console\\Input\\ArgvInput), Object(Symfony\\Component\\Console\\Output\\ConsoleOutput))
#49 {main}

[previous exception] [object] (PDOException(code: HY000): SQLSTATE[HY000]: General error: 1 table products has no column named description at C:\\Users\\HP\\Desktop\\Rashfa\\backend\\vendor\\laravel\\framework\\src\\Illuminate\\Database\\Connection.php:539)
[stacktrace]
#0 C:\\Users\\HP\\Desktop\\Rashfa\\backend\\vendor\\laravel\\framework\\src\\Illuminate\\Database\\Connection.php(539): PDO->prepare('insert into \"pr...')
#1 C:\\Users\\HP\\Desktop\\Rashfa\\backend\\vendor\\laravel\\framework\\src\\Illuminate\\Database\\Connection.php(753): Illuminate\\Database\\Connection->Illuminate\\Database\\{closure}('insert into \"pr...', Array)
#2 C:\\Users\\HP\\Desktop\\Rashfa\\backend\\vendor\\laravel\\framework\\src\\Illuminate\\Database\\Connection.php(720): Illuminate\\Database\\Connection->runQueryCallback('insert into \"pr...', Array, Object(Closure))
#3 C:\\Users\\HP\\Desktop\\Rashfa\\backend\\vendor\\laravel\\framework\\src\\Illuminate\\Database\\Connection.php(546): Illuminate\\Database\\Connection->run('insert into \"pr...', Array, Object(Closure))
#4 C:\\Users\\HP\\Desktop\\Rashfa\\backend\\vendor\\laravel\\framework\\src\\Illuminate\\Database\\Connection.php(498): Illuminate\\Database\\Connection->statement('insert into \"pr...', Array)
#5 C:\\Users\\HP\\Desktop\\Rashfa\\backend\\vendor\\laravel\\framework\\src\\Illuminate\\Database\\Query\\Processors\\Processor.php(32): Illuminate\\Database\\Connection->insert('insert into \"pr...', Array)
#6 C:\\Users\\HP\\Desktop\\Rashfa\\backend\\vendor\\laravel\\framework\\src\\Illuminate\\Database\\Query\\Builder.php(3322): Illuminate\\Database\\Query\\Processors\\Processor->processInsertGetId(Object(Illuminate\\Database\\Query\\Builder), 'insert into \"pr...', Array, 'id')
#7 C:\\Users\\HP\\Desktop\\Rashfa\\backend\\vendor\\laravel\\framework\\src\\Illuminate\\Database\\Eloquent\\Builder.php(1869): Illuminate\\Database\\Query\\Builder->insertGetId(Array, 'id')
#8 C:\\Users\\HP\\Desktop\\Rashfa\\backend\\vendor\\laravel\\framework\\src\\Illuminate\\Database\\Eloquent\\Model.php(1330): Illuminate\\Database\\Eloquent\\Builder->__call('insertGetId', Array)
#9 C:\\Users\\HP\\Desktop\\Rashfa\\backend\\vendor\\laravel\\framework\\src\\Illuminate\\Database\\Eloquent\\Model.php(1295): Illuminate\\Database\\Eloquent\\Model->insertAndSetId(Object(Illuminate\\Database\\Eloquent\\Builder), Array)
#10 C:\\Users\\HP\\Desktop\\Rashfa\\backend\\vendor\\laravel\\framework\\src\\Illuminate\\Database\\Eloquent\\Model.php(1138): Illuminate\\Database\\Eloquent\\Model->performInsert(Object(Illuminate\\Database\\Eloquent\\Builder))
#11 C:\\Users\\HP\\Desktop\\Rashfa\\backend\\vendor\\laravel\\framework\\src\\Illuminate\\Database\\Eloquent\\Builder.php(580): Illuminate\\Database\\Eloquent\\Model->save()
#12 C:\\Users\\HP\\Desktop\\Rashfa\\backend\\vendor\\laravel\\framework\\src\\Illuminate\\Support\\helpers.php(319): Illuminate\\Database\\Eloquent\\Builder->Illuminate\\Database\\Eloquent\\{closure}(Object(App\\Models\\Product))
#13 C:\\Users\\HP\\Desktop\\Rashfa\\backend\\vendor\\laravel\\framework\\src\\Illuminate\\Database\\Eloquent\\Builder.php(581): tap(Object(App\\Models\\Product), Object(Closure))
#14 C:\\Users\\HP\\Desktop\\Rashfa\\backend\\vendor\\laravel\\framework\\src\\Illuminate\\Support\\Traits\\ForwardsCalls.php(23): Illuminate\\Database\\Eloquent\\Builder->updateOrCreate(Array, Array)
#15 C:\\Users\\HP\\Desktop\\Rashfa\\backend\\vendor\\laravel\\framework\\src\\Illuminate\\Database\\Eloquent\\Model.php(2330): Illuminate\\Database\\Eloquent\\Model->forwardCallTo(Object(Illuminate\\Database\\Eloquent\\Builder), 'updateOrCreate', Array)
#16 C:\\Users\\HP\\Desktop\\Rashfa\\backend\\vendor\\laravel\\framework\\src\\Illuminate\\Database\\Eloquent\\Model.php(2342): Illuminate\\Database\\Eloquent\\Model->__call('updateOrCreate', Array)
#17 C:\\Users\\HP\\Desktop\\Rashfa\\backend\\database\\seeders\\ProductSeeder.php(39): Illuminate\\Database\\Eloquent\\Model::__callStatic('updateOrCreate', Array)
#18 C:\\Users\\HP\\Desktop\\Rashfa\\backend\\vendor\\laravel\\framework\\src\\Illuminate\\Container\\BoundMethod.php(36): Database\\Seeders\\ProductSeeder->run()
#19 C:\\Users\\HP\\Desktop\\Rashfa\\backend\\vendor\\laravel\\framework\\src\\Illuminate\\Container\\Util.php(41): Illuminate\\Container\\BoundMethod::Illuminate\\Container\\{closure}()
#20 C:\\Users\\HP\\Desktop\\Rashfa\\backend\\vendor\\laravel\\framework\\src\\Illuminate\\Container\\BoundMethod.php(93): Illuminate\\Container\\Util::unwrapIfClosure(Object(Closure))
#21 C:\\Users\\HP\\Desktop\\Rashfa\\backend\\vendor\\laravel\\framework\\src\\Illuminate\\Container\\BoundMethod.php(37): Illuminate\\Container\\BoundMethod::callBoundMethod(Object(Illuminate\\Foundation\\Application), Array, Object(Closure))
#22 C:\\Users\\HP\\Desktop\\Rashfa\\backend\\vendor\\laravel\\framework\\src\\Illuminate\\Container\\Container.php(661): Illuminate\\Container\\BoundMethod::call(Object(Illuminate\\Foundation\\Application), Array, Array, NULL)
#23 C:\\Users\\HP\\Desktop\\Rashfa\\backend\\vendor\\laravel\\framework\\src\\Illuminate\\Database\\Seeder.php(184): Illuminate\\Container\\Container->call(Array, Array)
#24 C:\\Users\\HP\\Desktop\\Rashfa\\backend\\vendor\\laravel\\framework\\src\\Illuminate\\Database\\Seeder.php(193): Illuminate\\Database\\Seeder->Illuminate\\Database\\{closure}()
#25 C:\\Users\\HP\\Desktop\\Rashfa\\backend\\vendor\\laravel\\framework\\src\\Illuminate\\Database\\Seeder.php(61): Illuminate\\Database\\Seeder->__invoke(Array)
#26 C:\\Users\\HP\\Desktop\\Rashfa\\backend\\database\\seeders\\DatabaseSeeder.php(18): Illuminate\\Database\\Seeder->call('Database\\\\Seeder...')
#27 C:\\Users\\HP\\Desktop\\Rashfa\\backend\\vendor\\laravel\\framework\\src\\Illuminate\\Container\\BoundMethod.php(36): Database\\Seeders\\DatabaseSeeder->run()
#28 C:\\Users\\HP\\Desktop\\Rashfa\\backend\\vendor\\laravel\\framework\\src\\Illuminate\\Container\\Util.php(41): Illuminate\\Container\\BoundMethod::Illuminate\\Container\\{closure}()
#29 C:\\Users\\HP\\Desktop\\Rashfa\\backend\\vendor\\laravel\\framework\\src\\Illuminate\\Container\\BoundMethod.php(93): Illuminate\\Container\\Util::unwrapIfClosure(Object(Closure))
#30 C:\\Users\\HP\\Desktop\\Rashfa\\backend\\vendor\\laravel\\framework\\src\\Illuminate\\Container\\BoundMethod.php(37): Illuminate\\Container\\BoundMethod::callBoundMethod(Object(Illuminate\\Foundation\\Application), Array, Object(Closure))
#31 C:\\Users\\HP\\Desktop\\Rashfa\\backend\\vendor\\laravel\\framework\\src\\Illuminate\\Container\\Container.php(661): Illuminate\\Container\\BoundMethod::call(Object(Illuminate\\Foundation\\Application), Array, Array, NULL)
#32 C:\\Users\\HP\\Desktop\\Rashfa\\backend\\vendor\\laravel\\framework\\src\\Illuminate\\Database\\Seeder.php(184): Illuminate\\Container\\Container->call(Array, Array)
#33 C:\\Users\\HP\\Desktop\\Rashfa\\backend\\vendor\\laravel\\framework\\src\\Illuminate\\Database\\Seeder.php(193): Illuminate\\Database\\Seeder->Illuminate\\Database\\{closure}()
#34 C:\\Users\\HP\\Desktop\\Rashfa\\backend\\vendor\\laravel\\framework\\src\\Illuminate\\Database\\Console\\Seeds\\SeedCommand.php(81): Illuminate\\Database\\Seeder->__invoke()
#35 C:\\Users\\HP\\Desktop\\Rashfa\\backend\\vendor\\laravel\\framework\\src\\Illuminate\\Database\\Eloquent\\Concerns\\GuardsAttributes.php(155): Illuminate\\Database\\Console\\Seeds\\SeedCommand->Illuminate\\Database\\Console\\Seeds\\{closure}()
#36 C:\\Users\\HP\\Desktop\\Rashfa\\backend\\vendor\\laravel\\framework\\src\\Illuminate\\Database\\Console\\Seeds\\SeedCommand.php(82): Illuminate\\Database\\Eloquent\\Model::unguarded(Object(Closure))
#37 C:\\Users\\HP\\Desktop\\Rashfa\\backend\\vendor\\laravel\\framework\\src\\Illuminate\\Container\\BoundMethod.php(36): Illuminate\\Database\\Console\\Seeds\\SeedCommand->handle()
#38 C:\\Users\\HP\\Desktop\\Rashfa\\backend\\vendor\\laravel\\framework\\src\\Illuminate\\Container\\Util.php(41): Illuminate\\Container\\BoundMethod::Illuminate\\Container\\{closure}()
#39 C:\\Users\\HP\\Desktop\\Rashfa\\backend\\vendor\\laravel\\framework\\src\\Illuminate\\Container\\BoundMethod.php(93): Illuminate\\Container\\Util::unwrapIfClosure(Object(Closure))
#40 C:\\Users\\HP\\Desktop\\Rashfa\\backend\\vendor\\laravel\\framework\\src\\Illuminate\\Container\\BoundMethod.php(37): Illuminate\\Container\\BoundMethod::callBoundMethod(Object(Illuminate\\Foundation\\Application), Array, Object(Closure))
#41 C:\\Users\\HP\\Desktop\\Rashfa\\backend\\vendor\\laravel\\framework\\src\\Illuminate\\Container\\Container.php(661): Illuminate\\Container\\BoundMethod::call(Object(Illuminate\\Foundation\\Application), Array, Array, NULL)
#42 C:\\Users\\HP\\Desktop\\Rashfa\\backend\\vendor\\laravel\\framework\\src\\Illuminate\\Console\\Command.php(183): Illuminate\\Container\\Container->call(Array)
#43 C:\\Users\\HP\\Desktop\\Rashfa\\backend\\vendor\\symfony\\console\\Command\\Command.php(291): Illuminate\\Console\\Command->execute(Object(Symfony\\Component\\Console\\Input\\ArgvInput), Object(Illuminate\\Console\\OutputStyle))
#44 C:\\Users\\HP\\Desktop\\Rashfa\\backend\\vendor\\laravel\\framework\\src\\Illuminate\\Console\\Command.php(153): Symfony\\Component\\Console\\Command\\Command->run(Object(Symfony\\Component\\Console\\Input\\ArgvInput), Object(Illuminate\\Console\\OutputStyle))
#45 C:\\Users\\HP\\Desktop\\Rashfa\\backend\\vendor\\symfony\\console\\Application.php(1014): Illuminate\\Console\\Command->run(Object(Symfony\\Component\\Console\\Input\\ArgvInput), Object(Symfony\\Component\\Console\\Output\\ConsoleOutput))
#46 C:\\Users\\HP\\Desktop\\Rashfa\\backend\\vendor\\symfony\\console\\Application.php(301): Symfony\\Component\\Console\\Application->doRunCommand(Object(Illuminate\\Database\\Console\\Seeds\\SeedCommand), Object(Symfony\\Component\\Console\\Input\\ArgvInput), Object(Symfony\\Component\\Console\\Output\\ConsoleOutput))
#47 C:\\Users\\HP\\Desktop\\Rashfa\\backend\\vendor\\symfony\\console\\Application.php(171): Symfony\\Component\\Console\\Application->doRun(Object(Symfony\\Component\\Console\\Input\\ArgvInput), Object(Symfony\\Component\\Console\\Output\\ConsoleOutput))
#48 C:\\Users\\HP\\Desktop\\Rashfa\\backend\\vendor\\laravel\\framework\\src\\Illuminate\\Console\\Application.php(102): Symfony\\Component\\Console\\Application->run(Object(Symfony\\Component\\Console\\Input\\ArgvInput), Object(Symfony\\Component\\Console\\Output\\ConsoleOutput))
#49 C:\\Users\\HP\\Desktop\\Rashfa\\backend\\vendor\\laravel\\framework\\src\\Illuminate\\Foundation\\Console\\Kernel.php(155): Illuminate\\Console\\Application->run(Object(Symfony\\Component\\Console\\Input\\ArgvInput), Object(Symfony\\Component\\Console\\Output\\ConsoleOutput))
#50 C:\\Users\\HP\\Desktop\\Rashfa\\backend\\artisan(37): Illuminate\\Foundation\\Console\\Kernel->handle(Object(Symfony\\Component\\Console\\Input\\ArgvInput), Object(Symfony\\Component\\Console\\Output\\ConsoleOutput))
#51 {main}
"} 
